Unnamed: 0,count
72.0,33.125
72.025,34.925
72.05,34.5
72.075,34.675
72.1,35.775
72.125,36.9
72.15,37.325
72.175,34.65
72.2,35.05
72.225,36.15
72.25,33.325
72.275,34.725
72.3,34.725
72.325,34.925
72.35,33.975
72.375,34.825
72.4,33.425
72.425,35.4
72.45,36.575
72.475,34.875
72.5,34.825
72.525,34.35
72.55,35.45
72.575,35.575
72.6,36.15
72.625,35.85
72.65,36.05
72.675,34.35
72.7,35.625
72.725,38.625
72.75,35.4
72.775,33.175
72.8,36.525
72.825,34.35
72.85,38.25
72.875,37.55
72.9,33.0
72.925,37.175
72.95,37.975
72.975,36.95
73.0,37.875
73.025,33.425
73.05,32.1
73.075,35.45
73.1,37.65
73.125,38.175
73.15,37.125
73.175,38.175
73.2,34.925
73.225,36.7
73.25,38.25
73.275,35.775
73.3,36.525
73.325,34.35
73.35,36.8
73.375,35.825
73.4,34.125
73.425,33.7
73.45,37.075
73.475,33.975
73.5,36.75
73.525,36.525
73.55,36.2
73.575,37.55
73.6,36.325
73.625,33.6
73.65,36.625
73.675,36.75
73.7,35.625
73.725,35.1
73.75,36.15
73.775,37.5
73.8,39.1
73.825,36.375
73.85,36.25
73.875,35.45
73.9,37.45
73.925,32.95
73.95,35.775
73.975,36.15
74.0,39.4
74.025,36.7
74.05,36.8
74.075,37.65
74.1,35.775
74.125,37.875
74.15,35.3
74.175,35.575
74.2,36.75
74.225,39.25
74.25,40.8
74.275,36.05
74.3,36.575
74.325,38.25
74.35,35.4
74.375,41.325
74.4,38.625
74.425,38.125
74.45,36.2
74.475,38.55
74.5,35.4
74.525,37.175
74.55,37.275
74.575,37.55
74.6,37.7
74.625,37.175
74.65,36.8
74.675,37.875
74.7,37.55
74.725,33.875
74.75,38.25
74.775,36.9
74.8,36.9
74.825,36.575
74.85,36.8
74.875,36.7
74.9,36.575
74.925,36.325
74.95,36.8
74.975,35.3
75.0,38.175
75.025,39.3
75.05,37.75
75.075,38.35
75.1,32.375
75.125,38.875
75.15,35.025
75.175,36.575
75.2,36.575
75.225,37.975
75.25,35.25
75.275,38.125
75.3,35.45
75.325,36.325
75.35,35.85
75.375,38.125
75.4,35.45
75.425,34.5
75.45,35.95
75.475,34.35
75.5,39.475
75.525,37.175
75.55,36.575
75.575,37.175
75.6,38.125
75.625,38.925
75.65,39.05
75.675,35.1
75.7,39.2
75.725,37.325
75.75,39.3
75.775,36.95
75.8,35.475
75.825,35.025
75.85,35.575
75.875,40.575
75.9,38.45
75.925,37.975
75.95,37.5
75.975,35.45
76.0,35.85
76.025,37.175
76.05,34.825
76.075,40.95
76.1,36.325
76.125,39.625
76.15,36.525
76.175,37.875
76.2,36.8
76.225,33.5
76.25,39.475
76.275,36.05
76.3,35.675
76.325,35.2
76.35,34.3
76.375,39.675
76.4,35.95
76.425,34.875
76.45,35.775
76.475,33.325
76.5,37.0
76.525,34.35
76.55,36.9
76.575,36.15
76.6,34.725
76.625,36.15
76.65,31.825
76.675,35.3
76.7,32.275
76.725,36.0
76.75,37.375
76.775,33.175
76.8,35.4
76.825,36.75
76.85,34.65
76.875,37.8
76.9,38.625
76.925,35.85
76.95,34.35
76.975,35.775
77.0,37.0
77.025,34.25
77.05,34.125
77.075,32.95
77.1,32.475
77.125,35.25
77.15,34.725
77.175,35.05
77.2,36.15
77.225,36.0
77.25,34.35
77.275,34.825
77.3,33.375
77.325,35.05
77.35,36.75
77.375,32.625
77.4,32.85
77.425,34.3
77.45,32.75
77.475,31.825
77.5,35.675
77.525,37.975
77.55,36.525
77.575,33.975
77.6,34.55
77.625,37.55
77.65,35.05
77.675,33.75
77.7,33.925
77.725,34.125
77.75,34.175
77.775,33.7
77.8,31.875
77.825,30.35
77.85,32.575
77.875,32.575
77.9,34.875
77.925,33.325
77.95,33.75
77.975,35.825
78.0,35.05
78.025,35.575
78.05,31.2
78.075,35.3
78.1,34.725
78.125,37.275
78.15,36.525
78.175,34.55
78.2,33.975
78.225,33.325
78.25,36.8
78.275,34.825
78.3,33.325
78.325,37.55
78.35,34.675
78.375,35.45
78.4,35.575
78.425,34.825
78.45,34.875
78.475,34.125
78.5,34.675
78.525,36.425
78.55,34.3
78.575,32.625
78.6,32.625
78.625,36.8
78.65,33.8
78.675,35.675
78.7,37.175
78.725,34.5
78.75,35.775
78.775,32.95
78.8,32.475
78.825,33.325
78.85,30.825
78.875,35.05
78.9,34.925
78.925,33.6
78.95,33.975
78.975,32.95
79.0,35.675
79.025,33.325
79.05,32.375
79.075,36.15
79.1,31.625
79.125,33.6
79.15,34.35
79.175,30.825
79.2,31.45
79.225,33.6
79.25,35.675
79.275,30.825
79.3,31.525
79.325,31.075
79.35,30.925
79.375,32.65
79.4,34.35
79.425,30.65
79.45,32.1
79.475,32.75
79.5,34.3
79.525,33.5
79.55,32.95
79.575,33.325
79.6,33.975
79.625,34.65
79.65,32.25
79.675,32.375
79.7,31.825
79.725,30.65
79.75,33.05
79.775,32.95
79.8,33.6
79.825,33.125
79.85,32.95
79.875,34.825
79.9,31.2
79.925,33.325
79.95,33.8
79.975,33.05
80.0,34.675
80.025,33.325
80.05,31.725
80.075,31.875
80.1,34.675
80.125,31.475
80.15,31.9
80.175,30.35
80.2,33.7
80.225,32.625
80.25,35.475
80.275,31.1
80.3,30.45
80.325,32.625
80.35,30.675
80.375,32.1
80.4,30.35
80.425,31.3
80.45,32.575
80.475,29.75
80.5,36.625
80.525,29.375
80.55,31.475
80.575,32.575
80.6,28.25
80.625,31.475
80.65,31.625
80.675,29.925
80.7,34.725
80.725,33.75
80.75,33.55
80.775,28.95
80.8,32.575
80.825,34.725
80.85,30.45
80.875,35.05
80.9,32.85
80.925,31.875
80.95,32.575
80.975,29.375
81.0,33.375
81.025,31.1
81.05,30.125
81.075,31.45
81.1,32.25
81.125,32.275
81.15,32.575
81.175,32.2
81.2,31.1
81.225,29.125
81.25,32.8
81.275,31.2
81.3,26.775
81.325,29.05
81.35,30.825
81.375,29.225
81.4,29.75
81.425,29.05
81.45,33.225
81.475,31.525
81.5,31.075
81.525,31.25
81.55,30.875
81.575,28.95
81.6,29.175
81.625,33.05
81.65,29.225
81.675,29.6
81.7,27.25
81.725,29.05
81.75,31.9
81.775,29.7
81.8,33.175
81.825,29.225
81.85,30.925
81.875,30.925
81.9,32.0
81.925,28.375
81.95,30.125
81.975,29.225
82.0,30.075
82.025,30.65
82.05,30.125
82.075,31.3
82.1,29.225
82.125,31.2
82.15,31.025
82.175,32.575
82.2,28.475
82.225,27.625
82.25,30.875
82.275,29.875
82.3,30.275
82.325,27.675
82.35,30.825
82.375,28.8
82.4,26.55
82.425,28.475
82.45,30.275
82.475,29.75
82.5,30.125
82.525,31.9
82.55,29.875
82.575,26.175
82.6,29.75
82.625,30.65
82.65,29.125
82.675,27.075
82.7,28.375
82.725,27.45
82.75,30.075
82.775,27.5
82.8,26.925
82.825,26.925
82.85,26.175
82.875,31.025
82.9,26.925
82.925,26.55
82.95,26.975
82.975,28.25
83.0,28.8
83.025,26.35
83.05,29.425
83.075,27.15
83.1,28.75
83.125,28.675
83.15,29.5
83.175,28.475
83.2,29.75
83.225,30.075
83.25,24.8
83.275,26.7
83.3,29.925
83.325,28.675
83.35,28.0
83.375,28.425
83.4,29.225
83.425,30.675
83.45,27.9
83.475,28.25
83.5,29.7
83.525,28.675
83.55,26.6
83.575,26.35
83.6,27.525
83.625,28.1
83.65,30.45
83.675,25.75
83.7,29.75
83.725,28.0
83.75,29.8
83.775,26.175
83.8,28.0
83.825,29.975
83.85,28.0
83.875,29.7
83.9,26.175
83.925,25.375
83.95,27.725
83.975,29.75
84.0,27.45
84.025,25.75
84.05,28.0
84.075,26.725
84.1,29.6
84.125,26.55
84.15,26.3
84.175,24.75
84.2,28.625
84.225,31.1
84.25,27.45
84.275,27.9
84.3,29.325
84.325,30.35
84.35,25.225
84.375,26.725
84.4,26.925
84.425,26.7
84.45,29.175
84.475,24.8
84.5,26.4
84.525,26.025
84.55,25.375
84.575,28.575
84.6,27.35
84.625,25.275
84.65,27.875
84.675,25.425
84.7,30.55
84.725,25.65
84.75,26.6
84.775,29.425
84.8,28.75
84.825,26.175
84.85,25.225
84.875,27.15
84.9,25.6
84.925,24.8
84.95,27.25
84.975,26.125
85.0,29.7
85.025,29.375
85.05,27.15
85.075,28.85
85.1,26.925
85.125,26.175
85.15,25.0
85.175,24.95
85.2,27.625
85.225,27.25
85.25,27.625
85.275,25.05
85.3,25.475
85.325,26.775
85.35,25.55
85.375,26.175
85.4,25.125
85.425,22.925
85.45,27.725
85.475,25.375
85.5,25.85
85.525,25.0
85.55,25.925
85.575,25.85
85.6,27.625
85.625,24.85
85.65,24.475
85.675,24.8
85.7,26.125
85.725,24.0
85.75,27.875
85.775,25.125
85.8,24.8
85.825,24.85
85.85,21.6
85.875,25.975
85.9,28.75
85.925,25.275
85.95,24.95
85.975,24.75
86.0,25.05
86.025,23.875
86.05,24.475
86.075,25.475
86.1,24.425
86.125,26.925
86.15,23.075
86.175,21.425
86.2,25.55
86.225,23.825
86.25,29.7
86.275,24.85
86.3,23.15
86.325,28.2
86.35,24.375
86.375,27.625
86.4,25.125
86.425,24.425
86.45,26.7
86.475,24.375
86.5,25.975
86.525,28.85
86.55,25.85
86.575,24.8
86.6,25.6
86.625,26.975
86.65,25.375
86.675,23.25
86.7,24.8
86.725,23.45
86.75,26.55
86.775,28.1
86.8,24.2
86.825,28.05
86.85,22.325
86.875,25.275
86.9,24.25
86.925,24.05
86.95,27.25
86.975,28.0
87.0,24.85
87.025,24.675
87.05,25.425
87.075,26.925
87.1,26.875
87.125,24.8
87.15,24.75
87.175,25.125
87.2,25.8
87.225,25.0
87.25,26.55
87.275,22.725
87.3,24.8
87.325,22.5
87.35,22.5
87.375,26.6
87.4,21.275
87.425,22.325
87.45,25.975
87.475,25.85
87.5,25.125
87.525,23.825
87.55,22.325
87.575,25.6
87.6,25.55
87.625,23.15
87.65,23.5
87.675,24.85
87.7,26.775
87.725,22.725
87.75,23.45
87.775,22.725
87.8,24.85
87.825,27.35
87.85,25.05
87.875,23.35
87.9,25.0
87.925,25.65
87.95,26.4
87.975,25.125
88.0,24.75
88.025,24.8
88.05,25.05
88.075,24.475
88.1,22.7
88.125,25.55
88.15,24.25
88.175,26.4
88.2,24.95
88.225,24.05
88.25,26.775
88.275,27.35
88.3,25.125
88.325,22.225
88.35,25.225
88.375,28.05
88.4,24.3
88.425,26.125
88.45,26.225
88.475,22.35
88.5,24.8
88.525,23.25
88.55,24.1
88.575,25.05
88.6,24.625
88.625,23.825
88.65,22.975
88.675,23.825
88.7,22.7
88.725,21.925
88.75,24.3
88.775,22.55
88.8,23.15
88.825,26.6
88.85,23.3
88.875,24.1
88.9,23.725
88.925,25.8
88.95,23.825
88.975,24.425
89.0,26.775
89.025,23.675
89.05,29.7
89.075,22.925
89.1,23.45
89.125,20.15
89.15,21.425
89.175,23.625
89.2,23.525
89.225,20.325
89.25,22.725
89.275,24.425
89.3,24.625
89.325,20.85
89.35,21.65
89.375,24.625
89.4,24.8
89.425,22.7
89.45,20.15
89.475,22.5
89.5,25.05
89.525,21.85
89.55,21.925
89.575,23.825
89.6,22.325
89.625,22.975
89.65,23.125
89.675,26.5
89.7,23.3
89.725,25.925
89.75,22.7
89.775,22.7
89.8,21.475
89.825,22.55
89.85,20.8
89.875,20.9
89.9,23.725
89.925,22.4
89.95,22.925
89.975,22.55
0.0,27.15
0.025,30.125
0.05,29.05
0.075,29.75
0.1,25.65
0.125,33.7
0.15,28.475
0.175,26.175
0.2,30.3
0.225,27.15
0.25,27.35
0.275,29.225
0.3,28.625
0.325,31.1
0.35,26.5
0.375,25.975
0.4,26.025
0.425,25.125
0.45,29.375
0.475,24.425
0.5,29.75
0.525,26.925
0.55,26.4
0.575,25.925
0.6,24.25
0.625,26.925
0.65,28.575
0.675,24.95
0.7,29.6
0.725,28.05
0.75,28.75
0.775,26.7
0.8,29.0
0.825,27.35
0.85,26.6
0.875,27.15
0.9,30.825
0.925,30.725
0.95,31.875
0.975,29.6
1.0,29.325
1.025,28.675
1.05,26.175
1.075,29.0
1.1,25.225
1.125,25.65
1.15,27.075
1.175,26.35
1.2,31.475
1.225,27.625
1.25,30.45
1.275,27.075
1.3,25.85
1.325,25.425
1.35,24.8
1.375,25.0
1.4,25.85
1.425,27.825
1.45,29.75
1.475,24.3
1.5,25.85
1.525,28.95
1.55,28.05
1.575,29.175
1.6,30.075
1.625,30.875
1.65,27.875
1.675,26.55
1.7,27.875
1.725,27.725
1.75,27.675
1.775,26.975
1.8,27.45
1.825,29.8
1.85,25.75
1.875,28.75
1.9,28.2
1.925,29.125
1.95,26.925
1.975,28.0
2.0,29.375
2.025,30.075
2.05,27.25
2.075,27.35
2.1,26.55
2.125,29.05
2.15,27.625
2.175,27.075
2.2,27.25
2.225,27.625
2.25,30.5
2.275,27.15
2.3,24.95
2.325,28.0
2.35,27.15
2.375,29.375
2.4,26.4
2.425,27.25
2.45,27.45
2.475,28.675
2.5,30.725
2.525,30.3
2.55,28.675
2.575,28.1
2.6,25.65
2.625,29.7
2.65,27.875
2.675,27.1
2.7,28.375
2.725,27.25
2.75,28.425
2.775,29.125
2.8,30.3
2.825,28.05
2.85,28.425
2.875,30.45
2.9,28.8
2.925,27.5
2.95,29.125
2.975,27.25
3.0,28.275
3.025,29.6
3.05,27.1
3.075,30.075
3.1,29.5
3.125,29.6
3.15,28.2
3.175,32.25
3.2,28.2
3.225,31.1
3.25,28.8
3.275,29.175
3.3,26.925
3.325,30.125
3.35,30.65
3.375,27.45
3.4,28.675
3.425,27.25
3.45,25.275
3.475,27.875
3.5,27.875
3.525,27.525
3.55,27.3
3.575,28.675
3.6,27.075
3.625,26.725
3.65,26.925
3.675,25.425
3.7,30.45
3.725,26.725
3.75,29.925
3.775,28.425
3.8,27.725
3.825,27.525
3.85,27.825
3.875,34.65
3.9,28.05
3.925,28.675
3.95,26.6
3.975,28.05
4.0,30.35
4.025,30.65
4.05,26.35
4.075,30.45
4.1,29.125
4.125,28.675
4.15,29.75
4.175,25.05
4.2,27.625
4.225,24.75
4.25,27.625
4.275,29.0
4.3,25.175
4.325,26.55
4.35,30.275
4.375,30.825
4.4,29.975
4.425,26.55
4.45,29.375
4.475,28.0
4.5,27.625
4.525,30.3
4.55,24.475
4.575,29.225
4.6,27.875
4.625,27.3
4.65,29.05
4.675,26.55
4.7,29.875
4.725,29.125
4.75,27.875
4.775,27.9
4.8,28.575
4.825,31.3
4.85,25.475
4.875,27.525
4.9,29.225
4.925,29.05
4.95,27.825
4.975,27.825
5.0,29.125
5.025,34.925
5.05,29.375
5.075,29.8
5.1,34.5
5.125,28.05
5.15,27.25
5.175,28.95
5.2,24.575
5.225,25.65
5.25,26.875
5.275,28.8
5.3,28.05
5.325,27.725
5.35,27.075
5.375,27.075
5.4,29.175
5.425,26.5
5.45,31.825
5.475,28.375
5.5,29.05
5.525,28.375
5.55,26.925
5.575,28.8
5.6,29.05
5.625,28.675
5.65,32.575
5.675,27.875
5.7,29.975
5.725,25.975
5.75,26.225
5.775,26.4
5.8,24.425
5.825,28.85
5.85,27.625
5.875,25.125
5.9,29.75
5.925,26.125
5.95,27.5
5.975,25.375
6.0,25.175
6.025,30.725
6.05,23.9
6.075,25.65
6.1,26.975
6.125,27.9
6.15,31.475
6.175,30.35
6.2,29.425
6.225,29.225
6.25,28.85
6.275,32.375
6.3,30.275
6.325,32.1
6.35,29.925
6.375,32.05
6.4,29.925
6.425,28.8
6.45,28.85
6.475,30.275
6.5,29.75
6.525,30.675
6.55,29.8
6.575,30.35
6.6,29.55
6.625,33.75
6.65,31.9
6.675,27.9
6.7,28.625
6.725,28.275
6.75,28.75
6.775,25.275
6.8,26.6
6.825,28.2
6.85,28.375
6.875,30.275
6.9,29.375
6.925,28.85
6.95,27.25
6.975,25.85
7.0,29.225
7.025,25.8
7.05,29.225
7.075,30.45
7.1,31.9
7.125,31.675
7.15,32.1
7.175,32.25
7.2,32.0
7.225,30.875
7.25,30.45
7.275,28.75
7.3,30.075
7.325,32.275
7.35,29.225
7.375,30.075
7.4,30.825
7.425,29.875
7.45,28.475
7.475,29.8
7.5,29.325
7.525,28.25
7.55,28.0
7.575,31.9
7.6,29.7
7.625,36.625
7.65,31.025
7.675,28.8
7.7,29.05
7.725,32.0
7.75,29.75
7.775,29.125
7.8,31.825
7.825,30.675
7.85,29.325
7.875,31.825
7.9,28.675
7.925,29.175
7.95,32.25
7.975,29.925
8.0,32.85
8.025,31.25
8.05,29.375
8.075,29.0
8.1,28.85
8.125,29.05
8.15,29.5
8.175,27.45
8.2,31.2
8.225,26.925
8.25,30.875
8.275,27.075
8.3,28.375
8.325,35.25
8.35,29.975
8.375,29.75
8.4,31.625
8.425,32.25
8.45,30.45
8.475,28.375
8.5,29.5
8.525,29.05
8.55,30.875
8.575,33.325
8.6,28.275
8.625,33.325
8.65,31.525
8.675,30.45
8.7,33.8
8.725,27.725
8.75,27.875
8.775,26.925
8.8,27.625
8.825,29.975
8.85,29.125
8.875,30.125
8.9,31.2
8.925,27.15
8.95,28.675
8.975,28.05
9.0,32.575
9.025,28.95
9.05,27.725
9.075,28.0
9.1,28.625
9.125,28.95
9.15,30.35
9.175,29.125
9.2,29.5
9.225,28.475
9.25,30.925
9.275,27.5
9.3,26.925
9.325,29.225
9.35,30.075
9.375,30.675
9.4,33.375
9.425,30.5
9.45,31.625
9.475,28.625
9.5,33.375
9.525,31.2
9.55,30.5
9.575,31.875
9.6,31.45
9.625,32.25
9.65,30.275
9.675,28.75
9.7,32.575
9.725,27.875
9.75,29.925
9.775,25.475
9.8,26.725
9.825,28.8
9.85,29.75
9.875,29.325
9.9,26.175
9.925,26.55
9.95,27.725
9.975,28.2
10.0,31.3
10.025,28.05
10.05,25.8
10.075,28.275
10.1,28.85
10.125,33.375
10.15,30.175
10.175,27.45
10.2,31.625
10.225,29.175
10.25,30.725
10.275,28.675
10.3,27.3
10.325,26.7
10.35,28.375
10.375,29.75
10.4,27.9
10.425,26.35
10.45,27.875
10.475,29.05
10.5,29.325
10.525,30.075
10.55,26.175
10.575,26.725
10.6,26.175
10.625,26.025
10.65,29.125
10.675,28.275
10.7,26.875
10.725,28.2
10.75,32.25
10.775,27.1
10.8,28.85
10.825,27.35
10.85,26.55
10.875,32.625
10.9,25.375
10.925,29.125
10.95,29.325
10.975,26.55
11.0,27.25
11.025,25.85
11.05,24.85
11.075,30.275
11.1,25.75
11.125,28.0
11.15,26.6
11.175,24.675
11.2,25.125
11.225,27.35
11.25,28.05
11.275,30.3
11.3,27.625
11.325,27.9
11.35,28.1
11.375,36.625
11.4,30.125
11.425,28.2
11.45,29.225
11.475,29.75
11.5,29.55
11.525,25.65
11.55,25.75
11.575,31.1
11.6,31.075
11.625,26.5
11.65,26.025
11.675,28.95
11.7,28.275
11.725,24.85
11.75,24.675
11.775,25.85
11.8,27.45
11.825,26.175
11.85,27.15
11.875,28.675
11.9,28.575
11.925,27.25
11.95,31.075
11.975,27.25
12.0,26.975
12.025,23.525
12.05,26.725
12.075,27.825
12.1,27.3
12.125,26.5
12.15,26.3
12.175,28.0
12.2,29.8
12.225,29.125
12.25,29.325
12.275,24.75
12.3,26.5
12.325,26.725
12.35,28.675
12.375,25.125
12.4,23.3
12.425,22.7
12.45,25.475
12.475,23.15
12.5,25.375
12.525,26.025
12.55,23.625
12.575,28.2
12.6,25.225
12.625,27.5
12.65,26.925
12.675,23.125
12.7,25.975
12.725,28.475
12.75,25.85
12.775,22.775
12.8,24.25
12.825,25.925
12.85,25.85
12.875,25.8
12.9,23.9
12.925,25.975
12.95,25.375
12.975,27.675
13.0,25.65
13.025,22.35
13.05,21.05
13.075,24.85
13.1,24.375
13.125,29.875
13.15,23.3
13.175,22.5
13.2,27.1
13.225,26.55
13.25,25.475
13.275,24.375
13.3,24.375
13.325,23.15
13.35,27.35
13.375,25.6
13.4,24.675
13.425,22.975
13.45,24.375
13.475,25.65
13.5,24.425
13.525,24.425
13.55,24.1
13.575,26.5
13.6,27.15
13.625,24.625
13.65,23.25
13.675,24.85
13.7,23.35
13.725,24.75
13.75,24.1
13.775,30.45
13.8,20.525
13.825,27.15
13.85,26.4
13.875,23.9
13.9,21.85
13.925,23.625
13.95,28.8
13.975,25.0
14.0,25.225
14.025,27.25
14.05,24.375
14.075,27.5
14.1,21.75
14.125,26.55
14.15,23.075
14.175,23.725
14.2,26.725
14.225,25.925
14.25,26.925
14.275,25.225
14.3,24.05
14.325,24.05
14.35,23.525
14.375,22.7
14.4,26.025
14.425,20.425
14.45,24.475
14.475,24.05
14.5,23.825
14.525,23.15
14.55,22.325
14.575,25.425
14.6,24.0
14.625,26.225
14.65,25.125
14.675,24.1
14.7,23.625
14.725,21.6
14.75,25.225
14.775,23.725
14.8,25.975
14.825,25.125
14.85,23.9
14.875,25.225
14.9,23.725
14.925,25.125
14.95,25.85
14.975,22.35
15.0,25.0
15.025,26.5
15.05,25.225
15.075,22.725
15.1,23.825
15.125,30.45
15.15,23.5
15.175,23.15
15.2,24.05
15.225,25.85
15.25,25.0
15.275,23.15
15.3,22.5
15.325,24.25
15.35,23.125
15.375,24.2
15.4,24.1
15.425,23.5
15.45,22.7
15.475,21.225
15.5,23.35
15.525,22.4
15.55,22.35
15.575,20.625
15.6,21.425
15.625,22.7
15.65,23.3
15.675,21.975
15.7,25.75
15.725,22.4
15.75,25.85
15.775,21.925
15.8,24.3
15.825,23.35
15.85,20.25
15.875,25.175
15.9,24.05
15.925,28.275
15.95,24.425
15.975,20.85
16.0,24.25
16.025,22.325
16.05,22.225
16.075,22.5
16.1,21.975
16.125,25.375
16.15,19.875
16.175,21.225
16.2,25.225
16.225,22.55
16.25,25.55
16.275,22.725
16.3,22.175
16.325,21.6
16.35,22.125
16.375,25.275
16.4,22.025
16.425,20.525
16.45,22.975
16.475,20.725
16.5,23.5
16.525,22.35
16.55,21.6
16.575,22.125
16.6,18.75
16.625,19.875
16.65,20.625
16.675,19.875
16.7,20.525
16.725,21.0
16.75,24.95
16.775,22.025
16.8,20.3
16.825,22.7
16.85,19.5
16.875,19.95
16.9,20.475
16.925,19.675
16.95,19.5
16.975,19.675
17.0,18.775
17.025,19.875
17.05,19.125
17.075,20.1
17.1,21.85
17.125,22.775
17.15,22.7
17.175,20.9
17.2,21.75
17.225,21.55
17.25,23.3
17.275,19.675
17.3,19.925
17.325,22.175
17.35,17.85
17.375,22.225
17.4,17.975
17.425,20.525
17.45,20.475
17.475,20.1
17.5,20.525
17.525,20.15
17.55,22.125
17.575,19.95
17.6,19.925
17.625,22.5
17.65,18.4
17.675,18.6
17.7,20.9
17.725,18.025
17.75,21.975
17.775,20.15
17.8,20.675
17.825,19.5
17.85,19.675
17.875,22.4
17.9,18.4
17.925,19.775
17.95,19.925
17.975,19.775
18.0,22.025
18.025,19.5
18.05,18.975
18.075,19.675
18.1,18.75
18.125,23.725
18.15,19.575
18.175,19.95
18.2,19.35
18.225,16.625
18.25,18.6
18.275,18.225
18.3,19.725
18.325,18.5
18.35,16.725
18.375,23.5
18.4,18.4
18.425,20.85
18.45,20.325
18.475,15.025
18.5,19.875
18.525,18.75
18.55,18.35
18.575,16.475
18.6,17.6
18.625,20.15
18.65,17.425
18.675,17.95
18.7,18.55
18.725,19.95
18.75,21.85
18.775,21.225
18.8,19.925
18.825,18.025
18.85,17.85
18.875,27.35
18.9,16.625
18.925,20.9
18.95,18.4
18.975,20.3
19.0,19.5
19.025,16.9
19.05,18.775
19.075,19.775
19.1,17.975
19.125,21.65
19.15,15.775
19.175,18.7
19.2,17.225
19.225,22.975
19.25,18.7
19.275,21.925
19.3,19.4
19.325,17.85
19.35,17.8
19.375,17.05
19.4,18.75
19.425,19.4
19.45,19.35
19.475,16.85
19.5,19.5
19.525,16.35
19.55,18.35
19.575,18.5
19.6,19.575
19.625,20.625
19.65,19.025
19.675,21.85
19.7,19.3
19.725,18.325
19.75,19.125
19.775,19.875
19.8,18.775
19.825,18.925
19.85,17.8
19.875,18.025
19.9,19.775
19.925,16.85
19.95,17.1
19.975,19.775
20.0,21.275
20.025,19.675
20.05,16.25
20.075,19.3
20.1,16.625
20.125,16.425
20.15,18.775
20.175,15.4
20.2,17.975
20.225,16.625
20.25,19.025
20.275,18.175
20.3,14.55
20.325,18.6
20.35,19.025
20.375,17.95
20.4,19.925
20.425,16.3
20.45,17.475
20.475,17.65
20.5,20.25
20.525,15.875
20.55,18.975
20.575,22.225
20.6,18.225
20.625,18.55
20.65,18.7
20.675,17.95
20.7,18.75
20.725,17.175
20.75,16.35
20.775,18.6
20.8,18.325
20.825,16.625
20.85,16.625
20.875,17.975
20.9,15.925
20.925,17.8
20.95,17.375
20.975,16.725
21.0,17.375
21.025,18.4
21.05,16.475
21.075,20.475
21.1,17.55
21.125,17.0
21.15,18.325
21.175,16.475
21.2,16.3
21.225,18.35
21.25,18.775
21.275,15.925
21.3,15.925
21.325,17.8
21.35,19.525
21.375,18.7
21.4,17.6
21.425,18.75
21.45,18.75
21.475,17.65
21.5,16.625
21.525,17.05
21.55,18.35
21.575,16.8
21.6,17.375
21.625,15.775
21.65,20.475
21.675,17.375
21.7,18.5
21.725,16.85
21.75,19.675
21.775,15.925
21.8,17.275
21.825,15.2
21.85,16.725
21.875,17.1
21.9,18.4
21.925,16.3
21.95,18.125
21.975,16.3
22.0,18.875
22.025,18.875
22.05,16.1
22.075,17.975
22.1,17.85
22.125,17.1
22.15,15.925
22.175,16.625
22.2,17.275
22.225,17.425
22.25,16.525
22.275,16.3
22.3,14.075
22.325,17.05
22.35,15.95
22.375,17.05
22.4,15.35
22.425,16.625
22.45,14.55
22.475,17.375
22.5,14.6
22.525,15.925
22.55,19.2
22.575,18.7
22.6,17.75
22.625,24.8
22.65,17.0
22.675,17.0
22.7,16.25
22.725,15.55
22.75,19.4
22.775,16.05
22.8,13.7
22.825,20.9
22.85,16.9
22.875,16.9
22.9,16.3
22.925,14.75
22.95,14.075
22.975,15.2
23.0,20.425
23.025,14.55
23.05,14.75
23.075,14.825
23.1,15.95
23.125,19.675
23.15,18.55
23.175,14.375
23.2,17.1
23.225,15.675
23.25,17.175
23.275,15.2
23.3,15.775
23.325,14.375
23.35,15.5
23.375,19.5
23.4,16.05
23.425,14.775
23.45,15.3
23.475,18.6
23.5,16.525
23.525,17.75
23.55,14.225
23.575,17.55
23.6,16.625
23.625,18.975
23.65,12.425
23.675,15.35
23.7,15.125
23.725,14.825
23.75,19.875
23.775,14.275
23.8,13.6
23.825,15.725
23.85,15.4
23.875,20.325
23.9,14.825
23.925,16.3
23.95,17.225
23.975,15.2
24.0,16.725
24.025,14.45
24.05,20.85
24.075,14.6
24.1,15.35
24.125,17.8
24.15,14.025
24.175,15.125
24.2,14.65
24.225,15.55
24.25,15.925
24.275,17.6
24.3,17.375
24.325,15.875
24.35,15.2
24.375,17.375
24.4,15.5
24.425,13.85
24.45,17.6
24.475,14.025
24.5,18.4
24.525,13.6
24.55,14.775
24.575,18.025
24.6,16.425
24.625,18.125
24.65,14.025
24.675,17.975
24.7,17.65
24.725,17.475
24.75,19.025
24.775,14.825
24.8,18.175
24.825,16.725
24.85,13.7
24.875,15.025
24.9,14.45
24.925,13.475
24.95,14.775
24.975,14.45
25.0,17.275
25.025,19.125
25.05,14.175
25.075,13.425
25.1,14.375
25.125,15.875
25.15,13.525
25.175,12.85
25.2,13.85
25.225,16.525
25.25,18.325
25.275,15.125
25.3,16.1
25.325,15.925
25.35,13.9
25.375,15.575
25.4,11.775
25.425,15.35
25.45,16.3
25.475,17.85
25.5,16.25
25.525,13.85
25.55,14.975
25.575,14.225
25.6,13.425
25.625,17.1
25.65,14.55
25.675,16.25
25.7,16.8
25.725,14.175
25.75,13.7
25.775,13.8
25.8,13.225
25.825,14.65
25.85,16.675
25.875,17.8
25.9,15.925
25.925,17.475
25.95,16.625
25.975,14.825
26.0,15.575
26.025,13.225
26.05,15.725
26.075,14.975
26.1,13.8
26.125,16.85
26.15,15.4
26.175,13.85
26.2,13.425
26.225,16.675
26.25,15.675
26.275,13.6
26.3,13.9
26.325,16.625
26.35,12.85
26.375,22.975
26.4,15.675
26.425,14.175
26.45,17.275
26.475,15.95
26.5,15.55
26.525,15.35
26.55,17.475
26.575,16.05
26.6,15.55
26.625,17.95
26.65,12.85
26.675,16.1
26.7,14.45
26.725,16.3
26.75,16.425
26.775,15.35
26.8,16.425
26.825,23.35
26.85,17.175
26.875,16.05
26.9,15.725
26.925,15.3
26.95,15.15
26.975,14.775
27.0,16.35
27.025,16.725
27.05,15.575
27.075,18.025
27.1,13.975
27.125,17.375
27.15,15.3
27.175,14.775
27.2,18.55
27.225,18.225
27.25,19.775
27.275,17.75
27.3,14.375
27.325,15.775
27.35,16.1
27.375,16.15
27.4,16.05
27.425,15.5
27.45,17.95
27.475,12.775
27.5,15.3
27.525,17.65
27.55,16.9
27.575,14.775
27.6,13.475
27.625,16.8
27.65,15.55
27.675,15.2
27.7,16.625
27.725,16.8
27.75,17.65
27.775,11.175
27.8,16.25
27.825,18.325
27.85,14.025
27.875,14.825
27.9,15.4
27.925,12.675
27.95,19.15
27.975,17.6
28.0,14.55
28.025,15.5
28.05,18.125
28.075,17.275
28.1,20.725
28.125,16.3
28.15,14.65
28.175,20.25
28.2,19.925
28.225,13.85
28.25,15.95
28.275,14.45
28.3,13.9
28.325,15.575
28.35,13.275
28.375,13.65
28.4,14.45
28.425,15.925
28.45,15.925
28.475,11.125
28.5,14.375
28.525,13.15
28.55,13.8
28.575,17.95
28.6,12.425
28.625,18.325
28.65,15.575
28.675,15.5
28.7,17.1
28.725,15.575
28.75,15.2
28.775,16.675
28.8,13.525
28.825,14.65
28.85,15.2
28.875,15.5
28.9,12.775
28.925,13.275
28.95,14.925
28.975,12.775
29.0,14.025
29.025,16.425
29.05,10.0
29.075,14.65
29.1,12.675
29.125,12.9
29.15,13.8
29.175,14.825
29.2,15.3
29.225,15.125
29.25,15.3
29.275,13.05
29.3,14.925
29.325,17.55
29.35,13.6
29.375,18.35
29.4,12.15
29.425,12.525
29.45,15.2
29.475,13.275
29.5,12.775
29.525,18.4
29.55,16.3
29.575,17.1
29.6,15.55
29.625,18.775
29.65,18.925
29.675,15.2
29.7,16.425
29.725,15.575
29.75,17.85
29.775,15.925
29.8,12.775
29.825,18.025
29.85,13.15
29.875,15.875
29.9,16.05
29.925,12.725
29.95,15.125
29.975,15.5
30.0,17.1
30.025,15.4
30.05,12.675
30.075,14.45
30.1,13.275
30.125,19.5
30.15,16.475
30.175,13.7
30.2,14.175
30.225,14.175
30.25,13.475
30.275,13.7
30.3,14.65
30.325,14.45
30.35,11.875
30.375,14.65
30.4,15.775
30.425,14.825
30.45,15.4
30.475,12.25
30.5,13.8
30.525,14.75
30.55,14.375
30.575,17.1
30.6,13.425
30.625,15.35
30.65,13.425
30.675,10.925
30.7,15.125
30.725,14.4
30.75,14.025
30.775,13.1
30.8,12.625
30.825,15.575
30.85,11.5
30.875,16.625
30.9,18.175
30.925,17.95
30.95,15.725
30.975,16.3
31.0,16.425
31.025,13.1
31.05,14.375
31.075,15.55
31.1,17.175
31.125,15.2
31.15,14.225
31.175,12.725
31.2,14.225
31.225,14.775
31.25,17.0
31.275,17.0
31.3,15.875
31.325,19.2
31.35,12.05
31.375,15.775
31.4,15.15
31.425,17.475
31.45,14.825
31.475,14.4
31.5,16.725
31.525,15.2
31.55,16.725
31.575,14.025
31.6,13.8
31.625,14.75
31.65,13.85
31.675,12.9
31.7,15.125
31.725,15.55
31.75,14.4
31.775,18.4
31.8,17.375
31.825,13.8
31.85,14.025
31.875,14.45
31.9,15.025
31.925,13.8
31.95,13.7
31.975,14.45
32.0,19.775
32.025,14.4
32.05,14.6
32.075,14.175
32.1,12.425
32.125,14.6
32.15,13.325
32.175,15.725
32.2,15.35
32.225,15.3
32.25,14.225
32.275,14.4
32.3,11.3
32.325,13.425
32.35,14.025
32.375,14.975
32.4,13.8
32.425,11.3
32.45,13.65
32.475,12.9
32.5,14.825
32.525,14.45
32.55,15.4
32.575,14.975
32.6,12.475
32.625,14.75
32.65,14.4
32.675,15.025
32.7,15.35
32.725,14.55
32.75,15.025
32.775,14.75
32.8,15.025
32.825,13.975
32.85,12.9
32.875,13.6
32.9,14.975
32.925,11.675
32.95,15.5
32.975,14.4
33.0,16.425
33.025,15.5
33.05,14.45
33.075,14.225
33.1,13.85
33.125,16.35
33.15,17.375
33.175,14.275
33.2,16.3
33.225,12.725
33.25,13.975
33.275,16.675
33.3,14.275
33.325,15.5
33.35,15.15
33.375,16.675
33.4,15.2
33.425,16.725
33.45,15.675
33.475,14.75
33.5,16.15
33.525,18.225
33.55,15.725
33.575,16.3
33.6,14.55
33.625,16.85
33.65,17.65
33.675,13.525
33.7,18.925
33.725,15.35
33.75,14.825
33.775,18.925
33.8,13.975
33.825,18.5
33.85,17.0
33.875,25.925
33.9,15.95
33.925,14.975
33.95,16.725
33.975,15.55
34.0,15.675
34.025,17.975
34.05,15.925
34.075,18.025
34.1,14.75
34.125,15.55
34.15,17.375
34.175,16.475
34.2,16.725
34.225,17.65
34.25,17.0
34.275,19.35
34.3,16.25
34.325,17.425
34.35,16.1
34.375,16.625
34.4,18.325
34.425,15.925
34.45,16.725
34.475,17.75
34.5,15.15
34.525,19.675
34.55,15.2
34.575,16.725
34.6,18.6
34.625,17.175
34.65,15.95
34.675,15.5
34.7,14.075
34.725,15.025
34.75,15.95
34.775,16.475
34.8,14.175
34.825,16.25
34.85,14.55
34.875,14.75
34.9,18.4
34.925,20.85
34.95,18.125
34.975,15.4
35.0,14.925
35.025,15.2
35.05,14.45
35.075,17.375
35.1,16.1
35.125,16.1
35.15,18.75
35.175,15.35
35.2,16.3
35.225,15.775
35.25,14.175
35.275,17.275
35.3,14.925
35.325,17.85
35.35,16.525
35.375,16.8
35.4,19.35
35.425,15.2
35.45,20.675
35.475,16.05
35.5,18.125
35.525,16.25
35.55,18.35
35.575,17.975
35.6,19.675
35.625,17.225
35.65,15.875
35.675,14.975
35.7,19.575
35.725,17.375
35.75,17.6
35.775,17.1
35.8,14.55
35.825,17.05
35.85,15.925
35.875,17.175
35.9,16.625
35.925,16.1
35.95,18.225
35.975,17.65
36.0,20.3
36.025,17.05
36.05,19.925
36.075,18.7
36.1,18.025
36.125,16.725
36.15,20.325
36.175,17.0
36.2,17.8
36.225,19.3
36.25,17.8
36.275,17.6
36.3,17.95
36.325,19.125
36.35,17.6
36.375,18.025
36.4,16.3
36.425,17.0
36.45,19.025
36.475,18.775
36.5,19.4
36.525,21.375
36.55,20.625
36.575,19.125
36.6,18.925
36.625,17.8
36.65,14.55
36.675,16.85
36.7,19.575
36.725,19.125
36.75,17.175
36.775,16.05
36.8,14.825
36.825,19.875
36.85,17.375
36.875,17.0
36.9,18.175
36.925,16.1
36.95,19.2
36.975,18.7
37.0,16.3
37.025,16.3
37.05,17.0
37.075,20.3
37.1,17.75
37.125,18.75
37.15,19.125
37.175,19.025
37.2,17.55
37.225,18.7
37.25,18.175
37.275,18.875
37.3,19.2
37.325,19.875
37.35,18.4
37.375,15.35
37.4,15.2
37.425,15.2
37.45,14.825
37.475,21.475
37.5,19.2
37.525,17.55
37.55,19.925
37.575,19.925
37.6,17.85
37.625,28.625
37.65,19.95
37.675,19.15
37.7,17.175
37.725,23.725
37.75,18.75
37.775,17.65
37.8,18.025
37.825,21.0
37.85,19.575
37.875,18.875
37.9,21.275
37.925,17.8
37.95,19.125
37.975,18.75
38.0,18.4
38.025,17.65
38.05,18.175
38.075,18.4
38.1,18.025
38.125,19.5
38.15,19.875
38.175,17.475
38.2,19.125
38.225,18.4
38.25,14.825
38.275,17.1
38.3,18.4
38.325,19.775
38.35,19.35
38.375,18.4
38.4,18.6
38.425,17.425
38.45,18.55
38.475,19.2
38.5,19.35
38.525,17.85
38.55,18.7
38.575,19.35
38.6,19.3
38.625,18.875
38.65,18.55
38.675,18.35
38.7,19.5
38.725,17.375
38.75,18.925
38.775,20.3
38.8,18.025
38.825,17.375
38.85,17.275
38.875,17.85
38.9,15.55
38.925,16.625
38.95,19.2
38.975,17.6
39.0,20.05
39.025,19.2
39.05,17.6
39.075,18.975
39.1,17.65
39.125,18.325
39.15,17.375
39.175,18.75
39.2,20.85
39.225,17.8
39.25,18.4
39.275,18.5
39.3,21.0
39.325,17.6
39.35,19.5
39.375,19.5
39.4,19.525
39.425,18.6
39.45,19.35
39.475,17.8
39.5,17.6
39.525,17.475
39.55,17.275
39.575,22.125
39.6,20.15
39.625,19.575
39.65,17.275
39.675,18.975
39.7,19.5
39.725,17.75
39.75,17.1
39.775,18.975
39.8,17.6
39.825,18.175
39.85,18.4
39.875,17.75
39.9,17.05
39.925,18.5
39.95,17.05
39.975,17.65
40.0,19.15
40.025,19.875
40.05,17.1
40.075,19.2
40.1,18.225
40.125,18.025
40.15,18.925
40.175,17.175
40.2,16.425
40.225,17.85
40.25,16.625
40.275,17.1
40.3,19.125
40.325,17.65
40.35,16.625
40.375,17.65
40.4,19.875
40.425,17.55
40.45,16.625
40.475,17.975
40.5,16.9
40.525,18.125
40.55,16.85
40.575,18.925
40.6,17.6
40.625,16.25
40.65,19.875
40.675,17.375
40.7,18.925
40.725,15.925
40.75,16.9
40.775,18.175
40.8,18.025
40.825,19.4
40.85,16.625
40.875,17.65
40.9,18.7
40.925,20.15
40.95,19.95
40.975,18.75
41.0,16.25
41.025,18.4
41.05,17.6
41.075,20.475
41.1,17.0
41.125,17.175
41.15,15.5
41.175,18.125
41.2,18.025
41.225,17.375
41.25,15.575
41.275,20.425
41.3,17.425
41.325,16.15
41.35,17.0
41.375,21.425
41.4,16.1
41.425,17.95
41.45,15.3
41.475,17.65
41.5,17.175
41.525,17.1
41.55,19.875
41.575,17.975
41.6,18.325
41.625,14.825
41.65,17.425
41.675,18.225
41.7,20.25
41.725,15.15
41.75,16.1
41.775,16.625
41.8,19.2
41.825,18.025
41.85,15.725
41.875,20.85
41.9,22.4
41.925,19.525
41.95,20.475
41.975,18.4
42.0,17.95
42.025,18.875
42.05,17.275
42.075,20.05
42.1,20.675
42.125,20.15
42.15,19.025
42.175,16.85
42.2,17.55
42.225,19.125
42.25,18.7
42.275,21.225
42.3,21.6
42.325,18.5
42.35,19.925
42.375,17.375
42.4,19.025
42.425,19.025
42.45,20.85
42.475,19.35
42.5,20.1
42.525,17.0
42.55,17.0
42.575,19.575
42.6,17.8
42.625,18.4
42.65,17.85
42.675,18.975
42.7,18.925
42.725,16.1
42.75,19.4
42.775,15.575
42.8,18.225
42.825,20.475
42.85,20.325
42.875,18.55
42.9,18.875
42.925,20.15
42.95,19.125
42.975,19.775
43.0,20.525
43.025,19.775
43.05,20.725
43.075,20.525
43.1,18.4
43.125,18.975
43.15,22.325
43.175,20.475
43.2,20.475
43.225,18.175
43.25,18.7
43.275,21.225
43.3,20.3
43.325,20.675
43.35,19.125
43.375,20.15
43.4,23.525
43.425,19.35
43.45,22.4
43.475,19.4
43.5,18.5
43.525,21.6
43.55,20.525
43.575,22.4
43.6,21.175
43.625,21.6
43.65,20.85
43.675,20.325
43.7,23.875
43.725,22.7
43.75,22.975
43.775,19.675
43.8,21.55
43.825,23.25
43.85,19.15
43.875,21.75
43.9,21.175
43.925,21.75
43.95,22.725
43.975,18.225
44.0,21.85
44.025,22.175
44.05,19.775
44.075,21.475
44.1,22.325
44.125,23.725
44.15,20.25
44.175,21.6
44.2,23.9
44.225,21.975
44.25,21.925
44.275,24.675
44.3,22.55
44.325,23.35
44.35,21.85
44.375,22.975
44.4,22.7
44.425,21.925
44.45,23.875
44.475,20.8
44.5,21.925
44.525,21.275
44.55,22.6
44.575,25.475
44.6,22.975
44.625,22.55
44.65,20.525
44.675,21.6
44.7,21.925
44.725,21.8
44.75,21.1
44.775,22.925
44.8,24.425
44.825,24.375
44.85,22.4
44.875,24.1
44.9,23.525
44.925,22.35
44.95,22.125
44.975,21.225
45.0,22.975
45.025,23.725
45.05,21.8
45.075,24.1
45.1,20.525
45.125,28.375
45.15,23.15
45.175,22.6
45.2,21.375
45.225,23.35
45.25,23.875
45.275,25.6
45.3,21.925
45.325,23.125
45.35,21.925
45.375,22.4
45.4,21.65
45.425,21.225
45.45,22.175
45.475,19.675
45.5,25.6
45.525,22.725
45.55,21.225
45.575,22.5
45.6,22.7
45.625,29.8
45.65,26.725
45.675,21.925
45.7,23.825
45.725,23.35
45.75,25.55
45.775,22.925
45.8,22.5
45.825,26.125
45.85,23.725
45.875,29.175
45.9,21.275
45.925,23.125
45.95,23.725
45.975,26.725
46.0,29.6
46.025,24.85
46.05,25.65
46.075,23.3
46.1,26.775
46.125,26.225
46.15,23.25
46.175,22.225
46.2,24.95
46.225,25.0
46.25,23.725
46.275,22.925
46.3,23.525
46.325,24.1
46.35,23.3
46.375,28.275
46.4,24.375
46.425,22.325
46.45,25.125
46.475,24.2
46.5,30.175
46.525,24.425
46.55,24.05
46.575,24.8
46.6,25.75
46.625,29.425
46.65,25.75
46.675,26.875
46.7,25.05
46.725,24.3
46.75,28.375
46.775,28.425
46.8,23.725
46.825,22.35
46.85,22.775
46.875,31.1
46.9,29.925
46.925,25.925
46.95,24.2
46.975,26.6
47.0,30.275
47.025,24.95
47.05,27.25
47.075,25.425
47.1,26.125
47.125,30.45
47.15,24.2
47.175,24.375
47.2,27.875
47.225,26.125
47.25,28.95
47.275,25.8
47.3,23.5
47.325,24.8
47.35,26.35
47.375,30.35
47.4,24.8
47.425,25.125
47.45,26.875
47.475,24.95
47.5,30.825
47.525,25.475
47.55,23.3
47.575,23.35
47.6,25.425
47.625,30.3
47.65,25.0
47.675,25.85
47.7,27.15
47.725,27.525
47.75,31.2
47.775,26.5
47.8,25.8
47.825,28.575
47.85,26.175
47.875,32.25
47.9,23.725
47.925,27.25
47.95,26.175
47.975,25.55
48.0,30.5
48.025,28.0
48.05,23.5
48.075,25.75
48.1,26.125
48.125,31.625
48.15,25.475
48.175,25.125
48.2,27.35
48.225,26.55
48.25,29.375
48.275,26.875
48.3,26.7
48.325,27.725
48.35,25.225
48.375,32.425
48.4,25.225
48.425,26.7
48.45,26.6
48.475,27.45
48.5,32.2
48.525,28.675
48.55,25.6
48.575,27.625
48.6,25.55
48.625,31.875
48.65,28.675
48.675,24.95
48.7,28.1
48.725,26.55
48.75,29.05
48.775,29.05
48.8,26.975
48.825,28.1
48.85,27.35
48.875,38.625
48.9,27.3
48.925,24.675
48.95,24.8
48.975,28.625
49.0,32.75
49.025,27.625
49.05,26.125
49.075,27.725
49.1,25.85
49.125,32.2
49.15,27.625
49.175,28.675
49.2,28.8
49.225,27.875
49.25,31.475
49.275,26.925
49.3,24.8
49.325,26.725
49.35,26.875
49.375,32.75
49.4,27.725
49.425,25.475
49.45,29.05
49.475,25.425
49.5,33.425
49.525,26.175
49.55,26.4
49.575,28.675
49.6,29.225
49.625,32.0
49.65,28.1
49.675,25.65
49.7,27.25
49.725,26.725
49.75,32.2
49.775,27.875
49.8,30.55
49.825,29.75
49.85,29.425
49.875,33.875
49.9,30.725
49.925,26.975
49.95,27.3
49.975,26.925
50.0,32.8
50.025,27.725
50.05,27.675
50.075,32.1
50.1,29.875
50.125,31.025
50.15,29.875
50.175,26.875
50.2,29.75
50.225,30.675
50.25,30.175
50.275,29.7
50.3,31.45
50.325,30.125
50.35,29.375
50.375,34.25
50.4,28.25
50.425,29.05
50.45,30.725
50.475,29.05
50.5,30.075
50.525,26.4
50.55,32.05
50.575,30.175
50.6,27.45
50.625,35.25
50.65,31.2
50.675,31.4
50.7,31.025
50.725,30.125
50.75,32.85
50.775,30.55
50.8,31.825
50.825,28.375
50.85,30.125
50.875,35.025
50.9,29.325
50.925,31.675
50.95,30.45
50.975,29.425
51.0,31.675
51.025,31.075
51.05,31.625
51.075,29.55
51.1,29.05
51.125,34.125
51.15,30.35
51.175,32.1
51.2,32.95
51.225,30.65
51.25,33.925
51.275,31.675
51.3,29.8
51.325,33.425
51.35,30.875
51.375,33.875
51.4,31.45
51.425,30.075
51.45,35.2
51.475,31.475
51.5,32.05
51.525,30.125
51.55,30.825
51.575,32.8
51.6,33.175
51.625,36.8
51.65,29.55
51.675,30.55
51.7,35.1
51.725,30.925
51.75,37.0
51.775,32.475
51.8,34.35
51.825,35.05
51.85,31.45
51.875,38.875
51.9,33.425
51.925,31.9
51.95,37.875
51.975,33.425
52.0,33.425
52.025,32.75
52.05,34.125
52.075,34.5
52.1,34.35
52.125,38.5
52.15,31.25
52.175,31.825
52.2,36.25
52.225,34.3
52.25,35.625
52.275,33.975
52.3,33.875
52.325,34.675
52.35,30.45
52.375,35.775
52.4,30.725
52.425,29.425
52.45,32.575
52.475,32.625
52.5,36.15
52.525,32.65
52.55,32.625
52.575,33.425
52.6,32.0
52.625,44.6
52.65,30.45
52.675,31.725
52.7,34.25
52.725,32.0
52.75,37.175
52.775,31.4
52.8,34.3
52.825,34.35
52.85,33.975
52.875,36.05
52.9,32.575
52.925,32.275
52.95,32.1
52.975,34.5
53.0,36.25
53.025,30.075
53.05,31.9
53.075,33.925
53.1,35.475
53.125,36.325
53.15,35.85
53.175,31.475
53.2,37.75
53.225,33.225
53.25,38.45
53.275,33.975
53.3,32.1
53.325,32.8
53.35,32.575
53.375,38.925
53.4,32.575
53.425,32.575
53.45,33.325
53.475,34.675
53.5,37.5
53.525,33.5
53.55,31.2
53.575,35.2
53.6,32.475
53.625,38.725
53.65,35.3
53.675,32.65
53.7,34.675
53.725,34.25
53.75,38.25
53.775,35.475
53.8,34.675
53.825,32.275
53.85,35.45
53.875,38.925
53.9,35.45
53.925,34.65
53.95,34.175
53.975,32.575
54.0,37.7
54.025,36.375
54.05,34.35
54.075,37.375
54.1,35.025
54.125,41.65
54.15,34.175
54.175,33.975
54.2,36.0
54.225,35.575
54.25,38.625
54.275,36.95
54.3,35.25
54.325,36.325
54.35,34.175
54.375,36.325
54.4,36.15
54.425,36.25
54.45,35.25
54.475,34.5
54.5,37.175
54.525,31.875
54.55,34.55
54.575,36.325
54.6,33.55
54.625,40.75
54.65,35.05
54.675,35.3
54.7,33.6
54.725,33.925
54.75,36.325
54.775,35.05
54.8,34.825
54.825,34.25
54.85,30.925
54.875,39.25
54.9,36.15
54.925,35.45
54.95,34.35
54.975,34.675
55.0,38.925
55.025,36.7
55.05,37.45
55.075,35.45
55.1,34.25
55.125,39.625
55.15,37.0
55.175,35.775
55.2,35.4
55.225,36.95
55.25,41.375
55.275,36.0
55.3,35.4
55.325,37.175
55.35,34.675
55.375,37.875
55.4,39.25
55.425,34.675
55.45,36.575
55.475,35.05
55.5,36.7
55.525,38.5
55.55,34.875
55.575,37.875
55.6,35.675
55.625,40.525
55.65,38.25
55.675,35.45
55.7,36.15
55.725,35.1
55.75,38.175
55.775,38.55
55.8,34.45
55.825,37.55
55.85,32.0
55.875,41.125
55.9,39.3
55.925,37.175
55.95,37.175
55.975,32.95
56.0,38.875
56.025,38.875
56.05,35.775
56.075,33.925
56.1,35.575
56.125,39.575
56.15,38.5
56.175,37.55
56.2,36.0
56.225,34.675
56.25,40.7
56.275,35.025
56.3,36.525
56.325,35.775
56.35,33.975
56.375,45.0
56.4,35.775
56.425,34.725
56.45,34.175
56.475,35.475
56.5,37.175
56.525,33.5
56.55,35.675
56.575,34.725
56.6,33.975
56.625,39.05
56.65,37.45
56.675,36.15
56.7,35.775
56.725,37.175
56.75,37.75
56.775,33.925
56.8,34.175
56.825,35.675
56.85,34.25
56.875,38.25
56.9,32.25
56.925,36.15
56.95,35.95
56.975,34.35
57.0,35.85
57.025,38.125
57.05,34.45
57.075,35.4
57.1,34.25
57.125,36.75
57.15,34.825
57.175,37.45
57.2,40.0
57.225,35.775
57.25,38.675
57.275,36.15
57.3,35.05
57.325,35.475
57.35,35.95
57.375,38.925
57.4,37.55
57.425,36.9
57.45,40.325
57.475,35.45
57.5,38.175
57.525,35.625
57.55,35.775
57.575,36.0
57.6,36.375
57.625,37.925
57.65,38.25
57.675,34.125
57.7,38.875
57.725,38.725
57.75,40.325
57.775,35.4
57.8,33.8
57.825,36.0
57.85,36.2
57.875,36.625
57.9,33.375
57.925,33.5
57.95,37.925
57.975,36.575
58.0,39.05
58.025,36.15
58.05,33.975
58.075,38.625
58.1,36.15
58.125,40.0
58.15,36.0
58.175,35.625
58.2,38.925
58.225,35.025
58.25,37.65
58.275,35.05
58.3,35.775
58.325,34.25
58.35,33.425
58.375,39.05
58.4,34.075
58.425,34.925
58.45,34.875
58.475,36.75
58.5,39.775
58.525,36.05
58.55,36.25
58.575,35.575
58.6,37.075
58.625,37.55
58.65,36.15
58.675,33.05
58.7,37.875
58.725,38.925
58.75,36.95
58.775,36.15
58.8,34.45
58.825,35.95
58.85,35.475
58.875,39.425
58.9,36.325
58.925,37.0
58.95,35.95
58.975,37.7
59.0,39.95
59.025,34.65
59.05,35.4
59.075,38.25
59.1,38.35
59.125,39.3
59.15,35.95
59.175,35.675
59.2,36.0
59.225,36.8
59.25,40.05
59.275,36.325
59.3,36.625
59.325,36.8
59.35,35.675
59.375,39.1
59.4,36.425
59.425,35.575
59.45,36.425
59.475,35.85
59.5,39.25
59.525,39.675
59.55,34.725
59.575,37.875
59.6,38.925
59.625,39.475
59.65,37.7
59.675,37.375
59.7,37.875
59.725,35.45
59.75,39.3
59.775,36.9
59.8,36.525
59.825,37.175
59.85,38.25
59.875,39.825
59.9,37.875
59.925,38.35
59.95,35.45
59.975,36.15
60.0,38.825
60.025,40.375
60.05,36.8
60.075,37.75
60.1,36.7
60.125,44.575
60.15,36.2
60.175,34.925
60.2,34.45
60.225,35.775
60.25,37.375
60.275,35.25
60.3,34.675
60.325,36.0
60.35,35.3
60.375,35.25
60.4,35.4
60.425,34.3
60.45,34.55
60.475,36.15
60.5,35.825
60.525,34.35
60.55,34.925
60.575,38.925
60.6,36.625
60.625,37.375
60.65,35.05
60.675,34.25
60.7,35.775
60.725,36.8
60.75,37.55
60.775,32.85
60.8,35.85
60.825,36.325
60.85,35.95
60.875,36.9
60.9,37.325
60.925,34.825
60.95,38.075
60.975,36.325
61.0,39.05
61.025,35.575
61.05,33.375
61.075,39.05
61.1,35.025
61.125,39.775
61.15,37.75
61.175,37.075
61.2,36.25
61.225,36.95
61.25,38.825
61.275,37.8
61.3,37.8
61.325,34.45
61.35,36.25
61.375,37.975
61.4,36.525
61.425,39.3
61.45,38.925
61.475,35.25
61.5,42.675
61.525,35.475
61.55,35.475
61.575,36.525
61.6,38.45
61.625,39.625
61.65,38.925
61.675,36.15
61.7,37.5
61.725,37.325
61.75,38.675
61.775,37.65
61.8,37.45
61.825,38.5
61.85,39.3
61.875,38.875
61.9,35.45
61.925,35.95
61.95,37.55
61.975,36.525
62.0,39.025
62.025,37.325
62.05,37.5
62.075,37.325
62.1,35.825
62.125,38.875
62.15,36.25
62.175,36.375
62.2,36.625
62.225,34.725
62.25,37.325
62.275,35.825
62.3,36.375
62.325,37.175
62.35,38.875
62.375,37.375
62.4,36.625
62.425,35.05
62.45,37.875
62.475,36.9
62.5,39.25
62.525,38.25
62.55,34.675
62.575,38.625
62.6,36.9
62.625,38.825
62.65,38.55
62.675,36.575
62.7,35.675
62.725,37.375
62.75,41.275
62.775,39.3
62.8,36.575
62.825,35.825
62.85,36.25
62.875,36.625
62.9,36.8
62.925,35.45
62.95,38.075
62.975,36.375
63.0,37.275
63.025,39.25
63.05,36.525
63.075,39.4
63.1,36.8
63.125,38.625
63.15,39.4
63.175,35.825
63.2,36.7
63.225,37.55
63.25,37.7
63.275,35.575
63.3,35.2
63.325,38.075
63.35,33.8
63.375,36.525
63.4,36.425
63.425,38.625
63.45,36.8
63.475,35.575
63.5,37.65
63.525,36.525
63.55,39.05
63.575,36.95
63.6,36.15
63.625,39.425
63.65,36.0
63.675,35.625
63.7,37.8
63.725,36.05
63.75,36.0
63.775,37.925
63.8,35.775
63.825,37.55
63.85,38.175
63.875,41.825
63.9,36.9
63.925,33.5
63.95,34.925
63.975,36.8
64.0,37.75
64.025,35.85
64.05,33.0
64.075,35.575
64.1,34.3
64.125,33.75
64.15,34.675
64.175,33.875
64.2,37.0
64.225,35.25
64.25,36.425
64.275,33.8
64.3,35.475
64.325,36.15
64.35,36.2
64.375,41.325
64.4,37.65
64.425,35.95
64.45,41.275
64.475,34.175
64.5,35.775
64.525,34.45
64.55,37.125
64.575,37.65
64.6,36.525
64.625,36.25
64.65,34.075
64.675,34.175
64.7,36.2
64.725,37.925
64.75,37.275
64.775,35.45
64.8,34.875
64.825,37.55
64.85,34.175
64.875,35.45
64.9,36.425
64.925,35.475
64.95,36.75
64.975,38.075
65.0,37.075
65.025,35.4
65.05,35.45
65.075,37.325
65.1,36.75
65.125,35.95
65.15,36.8
65.175,35.825
65.2,35.625
65.225,37.7
65.25,36.325
65.275,39.825
65.3,36.625
65.325,35.625
65.35,34.075
65.375,39.25
65.4,33.6
65.425,33.7
65.45,33.325
65.475,35.4
65.5,38.875
65.525,36.525
65.55,35.1
65.575,36.8
65.6,38.625
65.625,39.1
65.65,36.9
65.675,32.25
65.7,33.6
65.725,36.525
65.75,37.45
65.775,36.05
65.8,35.45
65.825,35.05
65.85,33.325
65.875,33.925
65.9,35.3
65.925,33.8
65.95,35.95
65.975,34.5
66.0,38.875
66.025,35.25
66.05,35.675
66.075,33.75
66.1,34.25
66.125,40.15
66.15,38.175
66.175,33.325
66.2,35.025
66.225,37.0
66.25,37.175
66.275,36.15
66.3,36.8
66.325,34.3
66.35,36.525
66.375,37.875
66.4,35.675
66.425,35.45
66.45,35.45
66.475,36.525
66.5,38.35
66.525,35.575
66.55,33.5
66.575,35.675
66.6,33.75
66.625,36.8
66.65,36.375
66.675,35.3
66.7,35.775
66.725,35.775
66.75,36.05
66.775,37.325
66.8,36.05
66.825,37.325
66.85,39.625
66.875,39.3
66.9,40.225
66.925,35.4
66.95,37.0
66.975,36.2
67.0,36.375
67.025,39.675
67.05,35.05
67.075,34.55
67.1,37.7
67.125,36.0
67.15,35.95
67.175,33.425
67.2,32.425
67.225,36.2
67.25,35.775
67.275,34.3
67.3,35.85
67.325,34.65
67.35,34.5
67.375,35.05
67.4,35.95
67.425,34.825
67.45,34.675
67.475,32.95
67.5,37.0
67.525,34.075
67.55,32.65
67.575,35.45
67.6,34.675
67.625,37.0
67.65,36.525
67.675,35.775
67.7,35.775
67.725,34.55
67.75,35.95
67.775,36.25
67.8,37.175
67.825,34.45
67.85,35.025
67.875,36.75
67.9,32.95
67.925,35.95
67.95,34.925
67.975,35.3
68.0,37.55
68.025,37.275
68.05,35.1
68.075,37.55
68.1,37.7
68.125,34.35
68.15,35.025
68.175,35.575
68.2,35.05
68.225,36.15
68.25,39.1
68.275,33.875
68.3,35.3
68.325,33.8
68.35,33.8
68.375,36.325
68.4,33.225
68.425,33.0
68.45,38.675
68.475,34.725
68.5,34.675
68.525,35.025
68.55,35.675
68.575,35.45
68.6,34.3
68.625,33.5
68.65,35.85
68.675,32.75
68.7,32.75
68.725,32.8
68.75,36.25
68.775,35.1
68.8,33.325
68.825,36.0
68.85,33.7
68.875,36.525
68.9,35.1
68.925,33.6
68.95,33.375
68.975,35.475
69.0,33.125
69.025,35.625
69.05,32.425
69.075,34.65
69.1,33.75
69.125,36.575
69.15,37.5
69.175,33.325
69.2,33.375
69.225,36.25
69.25,35.675
69.275,35.95
69.3,34.3
69.325,34.675
69.35,34.35
69.375,35.3
69.4,34.5
69.425,35.1
69.45,33.425
69.475,36.0
69.5,35.85
69.525,34.825
69.55,34.35
69.575,35.825
69.6,35.775
69.625,36.05
69.65,36.7
69.675,35.025
69.7,36.375
69.725,35.4
69.75,36.7
69.775,37.275
69.8,34.875
69.825,33.325
69.85,34.675
69.875,35.3
69.9,34.725
69.925,33.175
69.95,33.425
69.975,33.325
70.0,37.125
70.025,37.65
70.05,35.2
70.075,36.575
70.1,36.05
70.125,37.0
70.15,33.8
70.175,34.35
70.2,35.025
70.225,36.7
70.25,36.8
70.275,36.15
70.3,33.325
70.325,35.825
70.35,34.125
70.375,36.15
70.4,34.875
70.425,34.35
70.45,35.025
70.475,33.425
70.5,36.375
70.525,36.525
70.55,33.05
70.575,33.55
70.6,32.25
70.625,35.775
70.65,35.2
70.675,34.675
70.7,35.3
70.725,33.05
70.75,36.25
70.775,34.35
70.8,32.95
70.825,35.2
70.85,35.475
70.875,34.725
70.9,33.425
70.925,35.3
70.95,36.525
70.975,34.35
71.0,35.05
71.025,33.975
71.05,33.325
71.075,33.375
71.1,35.25
71.125,34.25
71.15,34.175
71.175,34.25
71.2,35.45
71.225,33.5
71.25,34.5
71.275,35.575
71.3,34.825
71.325,32.425
71.35,34.075
71.375,35.85
71.4,30.825
71.425,34.125
71.45,35.3
71.475,33.925
71.5,32.8
71.525,32.575
71.55,34.5
71.575,34.875
71.6,33.7
71.625,35.1
71.65,31.875
71.675,33.55
71.7,33.875
71.725,34.5
71.75,33.325
71.775,32.575
71.8,33.425
71.825,34.825
71.85,34.825
71.875,37.275
71.9,36.8
71.925,34.45
71.95,35.85
71.975,33.975
