/ && GET,avg,/cart && GET,/cart && POST,/cart/checkout && POST,/product/{id} && GET
128.26383399209485,128.26383399209485,,,,
128.26383399209485,128.26383399209485,,,,
128.26383399209485,128.26383399209485,,,,
128.26383399209485,128.26383399209485,,,,
128.26383399209485,128.26383399209485,,,,
128.26383399209485,128.26383399209485,,,,
125.24144869215291,125.24144869215291,,,,
125.24144869215291,125.24144869215291,,,,
125.24144869215291,125.24144869215291,,,,
125.24144869215291,125.24144869215291,,,,
125.24144869215291,125.24144869215291,,,,
125.24144869215291,125.24144869215291,,,,
178.24097664543524,178.24097664543524,,,,
178.24097664543524,178.24097664543524,,,,
178.24097664543524,178.24097664543524,,,,
178.24097664543524,178.24097664543524,,,,
178.24097664543524,178.24097664543524,,,,
178.24097664543524,178.24097664543524,,,,
178.24097664543524,178.24097664543524,,,,
187.07651991614256,187.07651991614256,,,,
187.07651991614256,187.07651991614256,,,,
187.07651991614256,187.07651991614256,,,,
187.07651991614256,187.07651991614256,,,,
187.07651991614256,187.07651991614256,,,,
187.07651991614256,187.07651991614256,,,,
207.0359477124183,207.0359477124183,,,,
207.0359477124183,207.0359477124183,,,,
207.0359477124183,207.0359477124183,,,,
207.0359477124183,207.0359477124183,,,,
207.0359477124183,207.0359477124183,,,,
207.0359477124183,207.0359477124183,,,,
207.0359477124183,207.0359477124183,,,,
263.1201372997712,263.1201372997712,,,,
263.1201372997712,263.1201372997712,,,,
263.1201372997712,263.1201372997712,,,,
263.1201372997712,263.1201372997712,,,,
263.1201372997712,263.1201372997712,,,,
263.1201372997712,263.1201372997712,,,,
263.1201372997712,263.1201372997712,,,,
187.58768267223385,187.58768267223385,,,,
187.58768267223385,187.58768267223385,,,,
187.58768267223385,187.58768267223385,,,,
187.58768267223385,187.58768267223385,,,,
187.58768267223385,187.58768267223385,,,,
187.58768267223385,187.58768267223385,,,,
187.58768267223385,187.58768267223385,,,,
138.43218623481783,138.43218623481783,,,,
138.43218623481783,138.43218623481783,,,,
138.43218623481783,138.43218623481783,,,,
138.43218623481783,138.43218623481783,,,,
138.43218623481783,138.43218623481783,,,,
138.43218623481783,138.43218623481783,,,,
158.17983367983368,158.17983367983368,,,,
158.17983367983368,158.17983367983368,,,,
158.17983367983368,158.17983367983368,,,,
158.17983367983368,158.17983367983368,,,,
158.17983367983368,158.17983367983368,,,,
158.17983367983368,158.17983367983368,,,,
158.17983367983368,158.17983367983368,,,,
145.02323232323232,145.02323232323232,,,,
145.02323232323232,145.02323232323232,,,,
145.02323232323232,145.02323232323232,,,,
145.02323232323232,145.02323232323232,,,,
145.02323232323232,145.02323232323232,,,,
145.02323232323232,145.02323232323232,,,,
145.02323232323232,145.02323232323232,,,,
128.47088353413653,128.47088353413653,,,,
128.47088353413653,128.47088353413653,,,,
128.47088353413653,128.47088353413653,,,,
128.47088353413653,128.47088353413653,,,,
128.47088353413653,128.47088353413653,,,,
128.47088353413653,128.47088353413653,,,,
128.47088353413653,128.47088353413653,,,,
125.28220858895703,125.28220858895703,,,,
125.28220858895703,125.28220858895703,,,,
125.28220858895703,125.28220858895703,,,,
125.28220858895703,125.28220858895703,,,,
125.28220858895703,125.28220858895703,,,,
125.28220858895703,125.28220858895703,,,,
162.6167355371901,162.6167355371901,,,,
162.6167355371901,162.6167355371901,,,,
162.6167355371901,162.6167355371901,,,,
162.6167355371901,162.6167355371901,,,,
162.6167355371901,162.6167355371901,,,,
162.6167355371901,162.6167355371901,,,,
162.6167355371901,162.6167355371901,,,,
144.5532786885246,144.5532786885246,,,,
144.5532786885246,144.5532786885246,,,,
144.5532786885246,144.5532786885246,,,,
144.5532786885246,144.5532786885246,,,,
144.5532786885246,144.5532786885246,,,,
144.5532786885246,144.5532786885246,,,,
144.5532786885246,144.5532786885246,,,,
158.41491596638656,158.41491596638656,,,,
158.41491596638656,158.41491596638656,,,,
158.41491596638656,158.41491596638656,,,,
158.41491596638656,158.41491596638656,,,,
158.41491596638656,158.41491596638656,,,,
158.41491596638656,158.41491596638656,,,,
257.95200892857144,257.95200892857144,,,,
257.95200892857144,257.95200892857144,,,,
257.95200892857144,257.95200892857144,,,,
257.95200892857144,257.95200892857144,,,,
257.95200892857144,257.95200892857144,,,,
257.95200892857144,257.95200892857144,,,,
257.95200892857144,257.95200892857144,,,,
273.34782608695656,273.34782608695656,,,,
273.34782608695656,273.34782608695656,,,,
273.34782608695656,273.34782608695656,,,,
273.34782608695656,273.34782608695656,,,,
273.34782608695656,273.34782608695656,,,,
273.34782608695656,273.34782608695656,,,,
273.34782608695656,273.34782608695656,,,,
163.8217299578059,163.8217299578059,,,,
163.8217299578059,163.8217299578059,,,,
163.8217299578059,163.8217299578059,,,,
163.8217299578059,163.8217299578059,,,,
163.8217299578059,163.8217299578059,,,,
163.8217299578059,163.8217299578059,,,,
94.40338645418326,94.40338645418326,,,,
94.40338645418326,94.40338645418326,,,,
94.40338645418326,94.40338645418326,,,,
94.40338645418326,94.40338645418326,,,,
94.40338645418326,94.40338645418326,,,,
94.40338645418326,94.40338645418326,,,,
94.40338645418326,94.40338645418326,,,,
112.817907444668,112.817907444668,,,,
112.817907444668,112.817907444668,,,,
112.817907444668,112.817907444668,,,,
112.817907444668,112.817907444668,,,,
112.817907444668,112.817907444668,,,,
112.817907444668,112.817907444668,,,,
112.817907444668,112.817907444668,,,,
244.50121809170332,244.50121809170332,,,,
243.9157014221413,243.9157014221413,,,,
291.0793388836422,291.0793388836422,,,,
292.3951222993035,292.3951222993035,,,,
293.8860802855455,293.8860802855455,,,,
295.54965779087775,295.54965779087775,,,,
490.7058823529412,490.7058823529412,,,,
490.7058823529412,490.7058823529412,,,,
490.7058823529412,490.7058823529412,,,,
578.6979086531984,578.6979086531984,,,,
580.4207042373241,580.4207042373241,,,,
455.7300743454489,455.7300743454489,,,,
448.5233364121781,448.5233364121781,,,,
375.4436976332433,375.4436976332433,,,,
371.424420062423,371.424420062423,,,,
275.0340265667455,275.0340265667455,,,,
277.1152943110734,277.1152943110734,,,,
231.3535896432869,231.3535896432869,,,,
231.39787123788133,231.39787123788133,,,,
231.4388982640949,231.4388982640949,,,,
231.4772179106767,231.4772179106767,,,,
226.9239628322124,226.9239628322124,,,,
233.55905503289608,233.55905503289608,,,,
232.5277777777778,232.5277777777778,,,,
212.4793103448276,212.4793103448276,,,,
212.4793103448276,212.4793103448276,,,,
212.4793103448276,212.4793103448276,,,,
212.4793103448276,212.4793103448276,,,,
212.4793103448276,212.4793103448276,,,,
212.4793103448276,212.4793103448276,,,,
212.4793103448276,212.4793103448276,,,,
394.3125,394.3125,,,,
394.3125,394.3125,,,,
394.3125,394.3125,,,,
394.3125,394.3125,,,,
394.3125,394.3125,,,,
394.3125,394.3125,,,,
290.8636363636364,290.8636363636364,,,,
290.8636363636363,290.8636363636363,,,,
290.8636363636364,290.8636363636364,,,,
290.8636363636363,290.8636363636363,,,,
290.8636363636364,290.8636363636364,,,,
293.38737002323154,293.38737002323154,,,,
293.83239412362434,293.83239412362434,,,,
325.0,325.0,,,,
325.0,325.0,,,,
325.0,325.0,,,,
324.99999999999994,324.99999999999994,,,,
325.0,325.0,,,,
325.00000000000006,325.00000000000006,,,,
324.99999999999994,324.99999999999994,,,,
325.0,325.0,,,,
324.99999999999994,324.99999999999994,,,,
324.99999999999994,324.99999999999994,,,,
325.0,325.0,,,,
,,,,,
,,,,,
,,,,,
,,,,,
,,,,,
,,,,,
,,,,,
,,,,,
,,,,,
,,,,,
,,,,,
,,,,,
,,,,,
,,,,,
,,,,,
,,,,,
,,,,,
,,,,,
,,,,,
,,,,,
112.81074878190856,112.81074878190856,,,,
111.33075341379184,111.33075341379184,,,,
110.10931268347308,110.10931268347308,,,,
109.10413496835352,109.10413496835352,,,,
108.23295330351802,108.23295330351802,,,,
107.49548837029036,107.49548837029036,,,,
132.9906474256088,132.9906474256088,,,,
138.65753668340068,138.65753668340068,,,,
130.52486187845304,130.52486187845304,,,,
125.68396395742246,125.68396395742246,,,,
120.82768910876496,120.82768910876496,,,,
116.641799293028,116.641799293028,,,,
114.96490857812644,114.96490857812644,,,,
115.43079289222096,115.43079289222096,,,,
122.44940612929852,122.44940612929852,,,,
123.7318903580724,123.7318903580724,,,,
123.665600717601,123.665600717601,,,,
124.26174417403928,124.26174417403928,,,,
124.8829019027821,124.8829019027821,,,,
125.53350368665832,125.53350368665832,,,,
126.22073711523792,126.22073711523792,,,,
136.90151515151516,136.90151515151516,,,,
136.90151515151516,136.90151515151516,,,,
143.65277777777777,143.65277777777777,,,,
143.65277777777777,143.65277777777777,,,,
143.65277777777777,143.65277777777777,,,,
143.65277777777777,143.65277777777777,,,,
143.65277777777777,143.65277777777777,,,,
143.65277777777777,143.65277777777777,,,,
,,,,,
,,,,,
,,,,,
,,,,,
,,,,,
,,,,,
,,,,,
,,,,,
,,,,,
,,,,,
,,,,,
,,,,,
,,,,,
,,,,,
,,,,,
,,,,,
,,,,,
,,,,,
,,,,,
210.2899044795784,210.2899044795784,,,,
206.6219144863429,206.6219144863429,,,,
203.6366426002585,203.6366426002585,,,,
200.89736986903463,200.89736986903463,,,,
198.7065702756716,198.7065702756716,,,,
196.8203610613001,196.8203610613001,,,,
195.23129508170663,195.23129508170663,,,,
202.26688311688312,202.26688311688312,,,,
202.26688311688312,202.26688311688312,,,,
198.7231781818182,198.7231781818182,,,,
184.35139818181815,184.35139818181815,,,,
,,,,,
,,,,,
,,,,,
,,,,,
,,,,,
,,,,,
,,,,,
,,,,,
,,,,,
,,,,,
,,,,,
,,,,,
,,,,,
,,,,,
,,,,,
,,,,,
,,,,,
,,,,,
,,,,,
,,,,,
,,,,,
,,,,,
,,,,,
,,,,,
,,,,,
,,,,,
,,,,,
,,,,,
,,,,,
,,,,,
,,,,,
,,,,,
,,,,,
,,,,,
,,,,,
,,,,,
,,,,,
,,,,,
,,,,,
,,,,,
,,,,,
,,,,,
,,,,,
,,,,,
,,,,,
,,,,,
,,,,,
,,,,,
,,,,,
,,,,,
,,,,,
,,,,,
,,,,,
,,,,,
,,,,,
,,,,,
,,,,,
,,,,,
,,,,,
,,,,,
,,,,,
,,,,,
,,,,,
,,,,,
,,,,,
,,,,,
,,,,,
,,,,,
,,,,,
,,,,,
,,,,,
,,,,,
,,,,,
,,,,,
,,,,,
,,,,,
,,,,,
,,,,,
,,,,,
,,,,,
,,,,,
,,,,,
,,,,,
,,,,,
,,,,,
,,,,,
,,,,,
,,,,,
,,,,,
,,,,,
,,,,,
,,,,,
,,,,,
,,,,,
,,,,,
,,,,,
,,,,,
,,,,,
,,,,,
,,,,,
,,,,,
,,,,,
,,,,,
,,,,,
,,,,,
,,,,,
,,,,,
,,,,,
,,,,,
,,,,,
,,,,,
,,,,,
,,,,,
,,,,,
,,,,,
,,,,,
,,,,,
,,,,,
,,,,,
,,,,,
,,,,,
,,,,,
,,,,,
,,,,,
,,,,,
,,,,,
,,,,,
,,,,,
,,,,,
,,,,,
,,,,,
,,,,,
,,,,,
,,,,,
814.5,814.5,,,,
814.5,814.5,,,,
814.5,814.5,,,,
814.5,814.5,,,,
814.5,814.5,,,,
814.5,814.5,,,,
360.3390804597701,360.3390804597701,,,,
360.3390804597701,360.3390804597701,,,,
360.3390804597701,360.3390804597701,,,,
360.3390804597701,360.3390804597701,,,,
360.3390804597701,360.3390804597701,,,,
360.3390804597701,360.3390804597701,,,,
360.3390804597701,360.3390804597701,,,,
243.7957110609481,243.7957110609481,,,,
243.7957110609481,243.7957110609481,,,,
243.7957110609481,243.7957110609481,,,,
243.7957110609481,243.7957110609481,,,,
243.7957110609481,243.7957110609481,,,,
243.7957110609481,243.7957110609481,,,,
243.7957110609481,243.7957110609481,,,,
495.00000000000006,495.00000000000006,,,,
495.00000000000006,495.00000000000006,,,,
495.00000000000006,495.00000000000006,,,,
495.00000000000006,495.00000000000006,,,,
495.00000000000006,495.00000000000006,,,,
495.00000000000006,495.00000000000006,,,,
1258.965384615385,1258.965384615385,,,,
1258.965384615385,1258.965384615385,,,,
1258.965384615385,1258.965384615385,,,,
1258.965384615385,1258.965384615385,,,,
1258.965384615385,1258.965384615385,,,,
1258.965384615385,1258.965384615385,,,,
1258.965384615385,1258.965384615385,,,,
936.2094594594594,936.2094594594594,,,,
936.2094594594594,936.2094594594594,,,,
936.2094594594594,936.2094594594594,,,,
936.2094594594594,936.2094594594594,,,,
936.2094594594594,936.2094594594594,,,,
936.2094594594594,936.2094594594594,,,,
936.2094594594594,936.2094594594594,,,,
293.45135746606337,293.45135746606337,,,,
293.45135746606337,293.45135746606337,,,,
293.45135746606337,293.45135746606337,,,,
293.45135746606337,293.45135746606337,,,,
293.45135746606337,293.45135746606337,,,,
293.45135746606337,293.45135746606337,,,,
293.45135746606337,293.45135746606337,,,,
501.9854497354497,501.9854497354497,,,,
501.9854497354497,501.9854497354497,,,,
501.9854497354497,501.9854497354497,,,,
501.9854497354497,501.9854497354497,,,,
501.9854497354497,501.9854497354497,,,,
501.9854497354497,501.9854497354497,,,,
1220.063492063492,1220.063492063492,,,,
1368.1166666666666,1368.1166666666666,,,,
1368.1166666666666,1368.1166666666666,,,,
1368.1166666666666,1368.1166666666666,,,,
1368.1166666666666,1368.1166666666666,,,,
1368.1166666666666,1368.1166666666666,,,,
1368.1166666666666,1368.1166666666666,,,,
759.760606060606,759.760606060606,,,,
759.760606060606,759.760606060606,,,,
759.760606060606,759.760606060606,,,,
759.760606060606,759.760606060606,,,,
759.760606060606,759.760606060606,,,,
759.760606060606,759.760606060606,,,,
759.760606060606,759.760606060606,,,,
235.48362445414847,235.48362445414847,,,,
235.48362445414847,235.48362445414847,,,,
235.48362445414847,235.48362445414847,,,,
235.48362445414847,235.48362445414847,,,,
235.48362445414847,235.48362445414847,,,,
235.48362445414847,235.48362445414847,,,,
235.48362445414847,235.48362445414847,,,,
420.90458015267177,420.90458015267177,,,,
420.90458015267177,420.90458015267177,,,,
420.90458015267177,420.90458015267177,,,,
420.90458015267177,420.90458015267177,,,,
420.90458015267177,420.90458015267177,,,,
420.90458015267177,420.90458015267177,,,,
1244.4423076923076,1244.4423076923076,,,,
1244.4423076923076,1244.4423076923076,,,,
1244.4423076923076,1244.4423076923076,,,,
1244.4423076923076,1244.4423076923076,,,,
1244.4423076923076,1244.4423076923076,,,,
1244.4423076923076,1244.4423076923076,,,,
1244.4423076923076,1244.4423076923076,,,,
1052.1166077738517,1052.1166077738517,,,,
1052.1166077738517,1052.1166077738517,,,,
1052.1166077738517,1052.1166077738517,,,,
1052.1166077738517,1052.1166077738517,,,,
1052.1166077738517,1052.1166077738517,,,,
1052.1166077738517,1052.1166077738517,,,,
1052.1166077738517,1052.1166077738517,,,,
329.3589743589743,329.3589743589743,,,,
329.3589743589743,329.3589743589743,,,,
329.3589743589743,329.3589743589743,,,,
329.3589743589743,329.3589743589743,,,,
329.3589743589743,329.3589743589743,,,,
329.3589743589743,329.3589743589743,,,,
329.3589743589743,329.3589743589743,,,,
422.66541353383457,422.66541353383457,,,,
422.66541353383457,422.66541353383457,,,,
422.66541353383457,422.66541353383457,,,,
422.66541353383457,422.66541353383457,,,,
422.66541353383457,422.66541353383457,,,,
422.66541353383457,422.66541353383457,,,,
422.66541353383457,422.66541353383457,,,,
1239.199604743083,1239.199604743083,,,,
1239.199604743083,1239.199604743083,,,,
1239.199604743083,1239.199604743083,,,,
1239.199604743083,1239.199604743083,,,,
1239.199604743083,1239.199604743083,,,,
1239.199604743083,1239.199604743083,,,,
899.4253968253969,899.4253968253969,,,,
899.4253968253969,899.4253968253969,,,,
899.4253968253969,899.4253968253969,,,,
899.4253968253969,899.4253968253969,,,,
899.4253968253969,899.4253968253969,,,,
899.4253968253969,899.4253968253969,,,,
899.4253968253969,899.4253968253969,,,,
318.0044742729306,318.0044742729306,,,,
318.0044742729306,318.0044742729306,,,,
318.0044742729306,318.0044742729306,,,,
318.0044742729306,318.0044742729306,,,,
318.0044742729306,318.0044742729306,,,,
318.0044742729306,318.0044742729306,,,,
318.0044742729306,318.0044742729306,,,,
456.1025641025641,456.1025641025641,,,,
456.1025641025641,456.1025641025641,,,,
456.1025641025641,456.1025641025641,,,,
456.1025641025641,456.1025641025641,,,,
456.1025641025641,456.1025641025641,,,,
456.1025641025641,456.1025641025641,,,,
456.1025641025641,456.1025641025641,,,,
159.3931535269709,159.3931535269709,,,,
159.3931535269709,159.3931535269709,,,,
159.3931535269709,159.3931535269709,,,,
159.3931535269709,159.3931535269709,,,,
159.3931535269709,159.3931535269709,,,,
159.3931535269709,159.3931535269709,,,,
527.95,527.95,,,,
527.95,527.95,,,,
527.95,527.95,,,,
527.95,527.95,,,,
527.95,527.95,,,,
527.95,527.95,,,,
4134.156249999999,4134.156249999999,,,,
4134.156249999999,4134.156249999999,,,,
4134.156249999999,4134.156249999999,,,,
4134.156249999999,4134.156249999999,,,,
4134.156249999999,4134.156249999999,,,,
4134.156249999999,4134.156249999999,,,,
4134.156249999999,4134.156249999999,,,,
3382.752688172043,3382.752688172043,,,,
3382.752688172043,3382.752688172043,,,,
2335.746876136053,2335.746876136053,,,,
2257.879817513141,2257.879817513141,,,,
1550.9344002895311,1550.9344002895311,,,,
1479.2824948359082,1479.2824948359082,,,,
1410.8184900307415,1410.8184900307415,,,,
328.54015086379445,328.54015086379445,,,,
328.9126855383616,328.9126855383616,,,,
260.9083245031194,260.9083245031194,,,,
271.65823640773846,271.65823640773846,,,,
295.87522911173727,295.87522911173727,,,,
291.03159098175496,291.03159098175496,,,,
359.79826136381024,359.79826136381024,,,,
347.9561659173986,347.9561659173986,,,,
558.6992602476377,558.6992602476377,,,,
574.5571847507331,574.5571847507331,,,,
979.7661340713408,979.7661340713408,,,,
986.3542435424356,986.3542435424356,,,,
986.3542435424356,986.3542435424356,,,,
1736.223880597015,1736.223880597015,,,,
1736.223880597015,1736.223880597015,,,,
2910.0057742782155,2910.0057742782155,,,,
2949.0905511811025,2949.0905511811025,,,,
3537.5401785714284,3537.5401785714284,,,,
3537.5401785714284,3537.5401785714284,,,,
3947.896396396397,3947.896396396397,,,,
2475.96103896104,2475.96103896104,,,,
1605.8575268817208,1605.8575268817208,,,,
1605.8575268817208,1605.8575268817208,,,,
1605.8575268817208,1605.8575268817208,,,,
945.3168724279836,945.3168724279836,,,,
945.3168724279836,945.3168724279836,,,,
477.76552795031057,477.76552795031057,,,,
477.76552795031057,477.76552795031057,,,,
336.6141025641026,336.6141025641026,,,,
336.6141025641026,336.6141025641026,,,,
273.21984924623115,273.21984924623115,,,,
273.21984924623115,273.21984924623115,,,,
273.21984924623115,273.21984924623115,,,,
350.4231805929919,350.4231805929919,,,,
350.4231805929919,350.4231805929919,,,,
524.4541420118343,524.4541420118343,,,,
524.4541420118343,524.4541420118343,,,,
856.2473867595818,856.2473867595818,,,,
856.247386759582,856.247386759582,,,,
1584.519138755981,1584.519138755981,,,,
1584.519138755981,1584.519138755981,,,,
2582.221830985916,2582.221830985916,,,,
2582.221830985916,2582.221830985916,,,,
3646.1932773109247,3646.1932773109247,,,,
3101.6860465116283,3101.6860465116283,,,,
3101.6860465116283,3101.6860465116283,,,,
2530.582236842105,2530.582236842105,,,,
2530.582236842105,2530.582236842105,,,,
1752.225888324873,1752.225888324873,,,,
1752.225888324873,1752.225888324873,,,,
1119.7674418604652,1119.7674418604652,,,,
1119.7674418604652,1119.7674418604652,,,,
1119.767441860465,1119.767441860465,,,,
626.4545454545455,626.4545454545455,,,,
626.4545454545455,626.4545454545455,,,,
425.64819587628864,425.64819587628864,,,,
425.64819587628864,425.64819587628864,,,,
354.9309133489461,354.9309133489461,,,,
354.9309133489461,354.9309133489461,,,,
354.9309133489461,354.9309133489461,,,,
417.74371859296485,417.74371859296485,,,,
417.7437185929648,417.7437185929648,,,,
524.005747126437,524.005747126437,,,,
524.005747126437,524.005747126437,,,,
812.7393617021278,812.7393617021278,,,,
812.7393617021278,812.7393617021278,,,,
1429.4799107142856,1429.4799107142856,,,,
1429.4799107142856,1429.4799107142856,,,,
2277.2874999999995,2277.2874999999995,,,,
2277.2875,2277.2875,,,,
3024.2370689655177,3024.2370689655177,,,,
3024.2370689655177,3024.2370689655177,,,,
3024.2370689655177,3024.2370689655177,,,,
2383.588888888889,2383.588888888889,,,,
2383.5888888888894,2383.5888888888894,,,,
1709.972222222222,1709.972222222222,,,,
1709.972222222222,1709.972222222222,,,,
1108.1666666666663,1108.1666666666663,,,,
1108.1666666666663,1108.1666666666663,,,,
1108.1666666666663,1108.1666666666663,,,,
628.2560975609756,628.2560975609756,,,,
628.2560975609755,628.2560975609755,,,,
390.5702005730659,390.5702005730659,,,,
390.5702005730659,390.5702005730659,,,,
341.04557291666663,341.04557291666663,,,,
341.04557291666663,341.04557291666663,,,,
501.4153439153439,501.4153439153439,,,,
501.4153439153439,501.4153439153439,,,,
596.0426470588235,596.0426470588235,,,,
596.0426470588235,596.0426470588235,,,,
875.8720930232557,875.8720930232557,,,,
875.8720930232557,875.8720930232557,,,,
875.8720930232557,875.8720930232557,,,,
1196.2770562770563,1196.2770562770563,,,,
1196.2770562770563,1196.2770562770563,,,,
1863.1512345679012,1863.1512345679012,,,,
1863.1512345679012,1863.1512345679012,,,,
2643.1287878787875,2643.1287878787875,,,,
2643.1287878787875,2643.1287878787875,,,,
2643.1287878787875,2643.1287878787875,,,,
2111.7375886524824,2111.7375886524824,,,,
2111.7375886524824,2111.7375886524824,,,,
1626.024861878453,1626.024861878453,,,,
1626.024861878453,1626.024861878453,,,,
1001.8141025641028,1001.8141025641028,,,,
1001.8141025641028,1001.8141025641028,,,,
679.7324414715719,679.7324414715719,,,,
356.9528535980149,982.2061115260144,799.9991834512794,28.54037974683545,3964.165384615385,781.0216733870967
446.2754010695187,976.8282907659436,811.328324986088,41.41832199475065,2940.833973128599,802.7054933875891
446.2754010695187,977.039690759369,811.328324986088,43.66881641294838,2940.833973128599,802.7054933875891
446.2754010695187,977.1735946745564,811.328324986088,45.454330708661416,2940.833973128599,802.7054933875891
446.2754010695187,977.1735946745564,811.328324986088,45.454330708661416,2940.833973128599,802.7054933875891
446.2754010695187,977.1735946745564,811.328324986088,45.454330708661416,2940.833973128599,802.7054933875891
446.2754010695187,977.1735946745564,811.328324986088,45.454330708661416,2940.833973128599,802.7054933875891
446.2754010695187,977.1735946745564,811.328324986088,45.454330708661416,2940.833973128599,802.7054933875891
573.0335195530726,1202.7195192549711,906.5448979591836,77.85442095238096,3625.430650684932,904.7831262939958
573.0335195530726,1202.7195192549711,906.5448979591836,77.86139809523812,3625.430650684932,904.7831262939958
573.0335195530726,1202.7195192549711,906.5448979591836,77.86838466666669,3625.430650684932,904.7831262939958
573.0335195530726,1202.7195192549711,906.5448979591836,77.87542780952383,3625.430650684932,904.7831262939958
573.0335195530726,1202.7195192549711,906.5448979591836,77.88247723809526,3625.430650684932,904.7831262939958
573.0335195530726,1202.7195192549711,906.5448979591836,77.88999809523811,3625.430650684932,904.7831262939958
573.0335195530726,1202.7195192549711,906.5448979591836,77.89185714285716,3625.430650684932,904.7831262939958
710.1219512195122,1222.7378601854173,936.9417040358744,62.37471175898931,3847.461182994455,877.0251256281408
710.1219512195122,1222.7378601854173,936.9417040358744,62.38175432458697,3847.461182994455,877.0251256281408
710.1219512195122,1222.7378601854173,936.9417040358744,62.38882575315841,3847.461182994455,877.0251256281408
710.1219512195122,1222.7378601854173,936.9417040358744,62.395823420796894,3847.461182994455,877.0251256281408
710.1219512195122,1222.7378601854173,936.9417040358744,62.40324761904762,3847.461182994455,877.0251256281408
710.1219512195122,1222.7378601854173,936.9417040358744,62.40903790087463,3847.461182994455,877.0251256281408
727.7732919254659,1252.8849231584527,1080.161839708561,21.42417910447761,3186.3854351687387,1007.6141675854464
727.7732919254659,1252.8849231584527,1080.161839708561,21.42417910447761,3186.3854351687387,1007.6141675854464
727.7732919254659,1252.8849231584527,1080.161839708561,21.42417910447761,3186.3854351687387,1007.6141675854464
727.7732919254659,1252.8849231584527,1080.161839708561,21.42417910447761,3186.3854351687387,1007.6141675854464
727.7732919254659,1252.8849231584527,1080.161839708561,21.42417910447761,3186.3854351687387,1007.6141675854464
727.7732919254659,1252.8849231584527,1080.161839708561,21.42417910447761,3186.3854351687387,1007.6141675854464
727.7732919254659,1252.8849231584527,1080.161839708561,21.42417910447761,3186.3854351687387,1007.6141675854464
648.5534124629081,1289.864384349827,1177.0378388017118,39.57264957264957,2855.812603648424,1122.4189655172415
648.5534124629081,1289.864384349827,1177.0378388017118,39.57264957264957,2855.812603648424,1122.4189655172415
648.5534124629081,1289.864384349827,1177.0378388017118,39.57264957264957,2855.812603648424,1122.4189655172415
648.5534124629081,1289.864384349827,1177.0378388017118,39.57264957264957,2855.812603648424,1122.4189655172415
648.5534124629081,1289.864384349827,1177.0378388017118,39.57264957264957,2855.812603648424,1122.4189655172415
648.5534124629081,1289.864384349827,1177.0378388017118,39.57264957264957,2855.812603648424,1122.4189655172415
764.9349206349207,1173.5230644726191,983.0476963011032,69.47486111111114,2821.127468152866,924.3800695249132
764.9349206349207,1173.5230644726191,983.0476963011032,69.47486111111114,2821.127468152866,924.3800695249132
764.9349206349207,1173.5230644726191,983.0476963011032,69.47486111111114,2821.127468152866,924.3800695249132
764.9349206349207,1173.5230644726191,983.0476963011032,69.47486111111114,2821.127468152866,924.3800695249132
764.9349206349207,1173.5230644726191,983.0476963011032,69.47486111111114,2821.127468152866,924.3800695249132
764.9349206349207,1173.5230644726191,983.0476963011032,69.47486111111114,2821.127468152866,924.3800695249132
764.9349206349207,1173.5230644726191,983.0476963011032,69.47486111111114,2821.127468152866,924.3800695249132
688.0709969788519,1187.849415055951,902.479517396184,91.08746397694529,3936.506211812627,887.0764525993885
688.0709969788519,1187.849415055951,902.479517396184,91.08746397694529,3936.506211812627,887.0764525993885
688.0709969788519,1187.849415055951,902.479517396184,91.08746397694529,3936.506211812627,887.0764525993885
688.0709969788519,1187.849415055951,902.479517396184,91.08746397694529,3936.506211812627,887.0764525993885
688.0709969788519,1187.849415055951,902.479517396184,91.08746397694529,3936.506211812627,887.0764525993885
688.0709969788519,1187.849415055951,902.479517396184,91.08746397694529,3936.506211812627,887.0764525993885
512.6019283746557,1248.3586548223352,910.2647058823528,90.17289325842692,4525.733197556008,903.1954781704784
512.6019283746557,1248.3586548223352,910.2647058823528,90.17289325842692,4525.733197556008,903.1954781704784
512.6019283746557,1248.3586548223352,910.2647058823528,90.17289325842692,4525.733197556008,903.1954781704784
512.6019283746557,1248.3586548223352,910.2647058823528,90.17289325842692,4525.733197556008,903.1954781704784
512.6019283746557,1248.3586548223352,910.2647058823528,90.17289325842692,4525.733197556008,903.1954781704784
512.6019283746557,1248.3586548223352,910.2647058823528,90.17289325842692,4525.733197556008,903.1954781704784
544.8863636363636,1200.4684952120383,998.3501371742112,99.19507246376808,2734.8563458856347,951.7286717752236
544.8863636363636,1200.4684952120383,998.3501371742112,99.19507246376808,2734.8563458856347,951.7286717752236
544.8863636363636,1200.4684952120383,998.3501371742112,99.19507246376808,2734.8563458856347,951.7286717752236
544.8863636363636,1200.4684952120383,998.3501371742112,99.19507246376808,2734.8563458856347,951.7286717752236
544.8863636363636,1200.4684952120383,998.3501371742112,99.19507246376808,2734.8563458856347,951.7286717752236
544.8863636363636,1200.4684952120383,998.3501371742112,99.19507246376808,2734.8563458856347,951.7286717752236
544.8863636363636,1200.4684952120383,998.3501371742112,99.19507246376808,2734.8563458856347,951.7286717752236
444.42741935483866,1227.1700727883538,1216.789829302987,62.27846153846153,2283.233571428572,1155.8049414824447
444.42741935483866,1227.1700727883538,1216.789829302987,62.27846153846153,2283.233571428572,1155.8049414824447
444.42741935483866,1227.1700727883538,1216.789829302987,62.27846153846153,2283.233571428572,1155.8049414824447
444.42741935483866,1227.1700727883538,1216.789829302987,62.27846153846153,2283.233571428572,1155.8049414824447
444.42741935483866,1227.1700727883538,1216.789829302987,62.27846153846153,2283.233571428572,1155.8049414824447
444.42741935483866,1227.1700727883538,1216.789829302987,62.27846153846153,2283.233571428572,1155.8049414824447
423.2526178010471,1277.5977266889288,1109.994991160872,47.21354748603355,3704.8046875,1074.7685381355932
423.2526178010472,1277.5977266889288,1109.994991160872,47.21354748603356,3704.804687500001,1074.7685381355932
423.2526178010472,1277.5977266889288,1109.994991160872,47.21354748603356,3704.804687500001,1074.7685381355932
423.2526178010472,1277.5977266889288,1109.994991160872,47.21354748603356,3704.804687500001,1074.7685381355932
423.2526178010472,1277.5977266889288,1109.994991160872,47.21354748603356,3704.804687500001,1074.7685381355932
423.2526178010472,1277.5977266889288,1109.994991160872,47.21354748603356,3704.804687500001,1074.7685381355932
423.2526178010472,1277.5977266889288,1109.994991160872,47.21354748603356,3704.804687500001,1074.7685381355932
562.0,1074.558306148055,857.8232595790611,59.09601542416454,4351.928191489362,822.3153241650293
562.0,1074.558306148055,857.8232595790611,59.09601542416454,4351.928191489362,822.3153241650293
562.0,1074.558306148055,857.8232595790611,59.09601542416454,4351.928191489362,822.3153241650293
562.0,1074.558306148055,857.8232595790611,59.09601542416454,4351.928191489362,822.3153241650293
562.0,1074.558306148055,857.8232595790611,59.09601542416454,4351.928191489362,822.3153241650293
562.0,1074.558306148055,857.8232595790611,59.09601542416454,4351.928191489362,822.3153241650293
590.9787535410765,1076.453623540856,814.5002639915523,29.28311345646435,4315.798611111111,758.6100569259962
590.9787535410765,1076.453623540856,814.5002639915523,29.28311345646435,4315.798611111111,758.6100569259962
590.9787535410765,1076.453623540856,814.5002639915523,29.28311345646435,4315.798611111111,758.6100569259962
590.9787535410765,1076.453623540856,814.5002639915523,29.28311345646435,4315.798611111111,758.6100569259962
590.9787535410765,1076.453623540856,814.5002639915523,29.28311345646435,4315.798611111111,758.6100569259962
590.9787535410765,1076.453623540856,814.5002639915523,29.28311345646435,4315.798611111111,758.6100569259962
590.9787535410765,1076.453623540856,814.5002639915523,29.28311345646435,4315.798611111111,758.6100569259962
557.2211538461538,1350.283831628639,1069.4053560559953,81.99191176470588,4168.397312859885,1046.7285714285713
557.2211538461538,1350.283831628639,1069.4053560559953,81.99191176470588,4168.397312859885,1046.7285714285713
557.2211538461538,1350.283831628639,1069.4053560559953,81.99191176470588,4168.397312859885,1046.7285714285713
557.2211538461538,1350.283831628639,1069.4053560559953,81.99191176470588,4168.397312859885,1046.7285714285713
557.2211538461538,1350.283831628639,1069.4053560559953,81.99191176470588,4168.397312859885,1046.7285714285713
557.2211538461538,1350.283831628639,1069.4053560559953,81.99191176470588,4168.397312859885,1046.7285714285713
537.4488636363636,1384.8704694323144,1144.2026184538654,81.57113702623904,4473.248873873874,1124.4093376764388
537.4488636363636,1384.8704694323142,1144.2026184538652,81.57113702623906,4473.248873873874,1124.4093376764386
537.4488636363636,1384.8704694323144,1144.2026184538654,81.57113702623906,4473.248873873873,1124.4093376764386
537.4488636363636,1384.8704694323144,1144.2026184538654,81.57113702623904,4473.248873873874,1124.4093376764388
537.4488636363636,1384.8704694323144,1144.2026184538654,81.57113702623904,4473.248873873874,1124.4093376764388
537.4488636363636,1384.8704694323144,1144.2026184538654,81.57113702623904,4473.248873873874,1124.4093376764388
537.4488636363636,1384.8704694323144,1144.2026184538654,81.57113702623904,4473.248873873874,1124.4093376764388
500.5669398907104,1152.8107178968655,942.4652978600346,16.260704607046023,3877.665263157894,884.8554572271387
500.5669398907104,1152.8107178968655,942.4652978600346,16.260704607046023,3877.665263157894,884.8554572271387
500.5669398907104,1152.8107178968655,942.4652978600346,16.260704607046023,3877.665263157894,884.8554572271387
500.5669398907104,1152.8107178968655,942.4652978600346,16.260704607046023,3877.665263157894,884.8554572271387
500.5669398907104,1152.8107178968655,942.4652978600346,16.260704607046023,3877.665263157894,884.8554572271387
500.5669398907104,1152.8107178968655,942.4652978600346,16.260704607046023,3877.665263157894,884.8554572271387
450.06117021276594,1066.7378773125608,968.7530294287362,15.741269841269874,2836.507366482505,916.431818181818
450.06117021276594,1066.7378773125608,968.7530294287362,15.741269841269874,2836.507366482505,916.431818181818
450.06117021276594,1066.7378773125608,968.7530294287362,15.741269841269874,2836.507366482505,916.431818181818
450.06117021276594,1066.7378773125608,968.7530294287362,15.741269841269874,2836.507366482505,916.431818181818
450.06117021276594,1066.7378773125608,968.7530294287362,15.741269841269874,2836.507366482505,916.431818181818
450.06117021276594,1066.7378773125608,968.7530294287362,15.741269841269874,2836.507366482505,916.431818181818
409.1567567567567,1097.882544938505,1028.8678611422174,14.584343434343497,2796.775362318841,981.5889679715302
572.367816091954,1104.599917257683,988.8078442437924,25.5977631578948,2618.5038759689924,942.3447004608294
572.367816091954,1104.599917257683,988.8078442437924,25.5977631578948,2618.5038759689924,942.3447004608294
572.367816091954,1104.599917257683,988.8078442437924,25.5977631578948,2618.5038759689924,942.3447004608294
572.367816091954,1104.599917257683,988.8078442437924,25.5977631578948,2618.5038759689924,942.3447004608294
572.367816091954,1104.599917257683,988.8078442437924,25.5977631578948,2618.5038759689924,942.3447004608294
572.367816091954,1104.599917257683,988.8078442437924,25.5977631578948,2618.5038759689924,942.3447004608294
571.0285714285715,1072.7997535596933,941.4266085790885,24.02629629629628,2963.227996070726,887.7036830357142
571.0285714285715,1072.7997535596933,941.4266085790885,24.02629629629628,2963.227996070726,887.7036830357142
571.0285714285715,1072.7997535596933,941.4266085790885,24.02629629629628,2963.227996070726,887.7036830357142
571.0285714285715,1072.7997535596933,941.4266085790885,24.02629629629628,2963.227996070726,887.7036830357142
571.0285714285715,1072.7997535596933,941.4266085790885,24.02629629629628,2963.227996070726,887.7036830357142
571.0285714285715,1072.7997535596933,941.4266085790885,24.02629629629628,2963.227996070726,887.7036830357142
425.7188328912467,1232.1452872912537,1047.0192970365265,29.869900497512397,4461.5104591836725,1001.677826564215
425.7188328912467,1232.1452872912537,1047.0192970365265,29.869900497512397,4461.5104591836725,1001.677826564215
425.7188328912467,1232.1452872912537,1047.0192970365265,29.869900497512397,4461.5104591836725,1001.677826564215
425.7188328912467,1232.1452872912537,1047.0192970365265,29.869900497512397,4461.5104591836725,1001.677826564215